timestamp,status_code,response_time_ms,success,error
2026-05-24T11:44:01.030924+00:00,200,2.21,True,
2026-05-24T11:44:02.033672+00:00,200,3.89,True,
2026-05-24T11:44:03.037843+00:00,200,1.83,True,
2026-05-24T11:44:04.039908+00:00,200,1.41,True,
2026-05-24T11:44:05.041615+00:00,200,6.97,True,
2026-05-24T11:44:06.048835+00:00,200,2.85,True,
2026-05-24T11:44:07.052120+00:00,200,2.61,True,
2026-05-24T11:44:08.055211+00:00,200,3.58,True,
2026-05-24T11:44:09.059260+00:00,200,2.43,True,
2026-05-24T11:44:10.061985+00:00,200,4.75,True,
2026-05-24T11:44:11.066993+00:00,200,3.05,True,
2026-05-24T11:44:12.070379+00:00,200,2.24,True,
2026-05-24T11:44:13.073067+00:00,200,3.22,True,
2026-05-24T11:44:14.076704+00:00,200,4.84,True,
2026-05-24T11:44:15.082015+00:00,200,3.2,True,
2026-05-24T11:44:16.085439+00:00,200,3.7,True,
2026-05-24T11:44:17.089402+00:00,200,2.49,True,
2026-05-24T11:44:18.092199+00:00,200,4.29,True,
2026-05-24T11:44:19.097317+00:00,200,2.18,True,
2026-05-24T11:44:20.100131+00:00,200,3.49,True,
2026-05-24T11:44:21.103857+00:00,200,3.41,True,
2026-05-24T11:44:22.107655+00:00,200,2.3,True,
2026-05-24T11:44:23.110263+00:00,200,2.16,True,
2026-05-24T11:44:24.112701+00:00,200,5.78,True,
2026-05-24T11:44:25.118924+00:00,200,5.06,True,
2026-05-24T11:44:26.124458+00:00,200,5.13,True,
2026-05-24T11:44:27.129948+00:00,200,1.61,True,
2026-05-24T11:44:28.131779+00:00,200,2.28,True,
2026-05-24T11:44:29.134249+00:00,200,1.49,True,
2026-05-24T11:44:30.136683+00:00,200,3.85,True,
2026-05-24T11:44:31.141266+00:00,200,1.43,True,
2026-05-24T11:44:32.143122+00:00,200,5.7,True,
2026-05-24T11:44:33.149255+00:00,200,2.6,True,
2026-05-24T11:44:34.152236+00:00,200,1.46,True,
2026-05-24T11:44:35.153955+00:00,200,2.35,True,
2026-05-24T11:44:36.156743+00:00,200,4.96,True,
2026-05-24T11:44:37.162440+00:00,200,6.12,True,
2026-05-24T11:44:38.168923+00:00,200,3.61,True,
2026-05-24T11:44:39.172807+00:00,200,1.6,True,
2026-05-24T11:44:40.174981+00:00,200,1.73,True,
2026-05-24T11:44:41.176891+00:00,200,1.7,True,
2026-05-24T11:44:42.178891+00:00,200,1.92,True,
2026-05-24T11:44:43.181102+00:00,200,2.73,True,
2026-05-24T11:44:44.184142+00:00,200,3.25,True,
2026-05-24T11:44:45.187627+00:00,200,2.99,True,
2026-05-24T11:44:46.190993+00:00,200,3.45,True,
2026-05-24T11:44:47.194641+00:00,200,1.82,True,
2026-05-24T11:44:48.197067+00:00,200,2.75,True,
2026-05-24T11:44:49.200275+00:00,200,3.64,True,
2026-05-24T11:44:50.204244+00:00,200,1.12,True,
2026-05-24T11:44:51.206184+00:00,200,2.26,True,
2026-05-24T11:44:52.208725+00:00,200,3.34,True,
2026-05-24T11:44:53.212414+00:00,200,1.73,True,
2026-05-24T11:44:54.214936+00:00,200,1.5,True,
2026-05-24T11:44:55.216637+00:00,200,6.3,True,
2026-05-24T11:44:56.223436+00:00,200,2.41,True,
2026-05-24T11:44:57.226924+00:00,200,2.75,True,
2026-05-24T11:44:58.229895+00:00,200,6.43,True,
2026-05-24T11:44:59.236712+00:00,200,1.25,True,
2026-05-24T11:45:00.238302+00:00,200,2.17,True,
2026-05-24T11:45:01.240943+00:00,200,6.85,True,
2026-05-24T11:45:02.248314+00:00,200,3.89,True,
2026-05-24T11:45:03.252540+00:00,200,3.6,True,
2026-05-24T11:45:04.256478+00:00,200,2.47,True,
2026-05-24T11:45:05.259476+00:00,200,2.63,True,
2026-05-24T11:45:06.262542+00:00,200,3.23,True,
2026-05-24T11:45:07.266121+00:00,200,2.51,True,
2026-05-24T11:45:08.268881+00:00,200,2.54,True,
2026-05-24T11:45:09.271669+00:00,200,3.87,True,
2026-05-24T11:45:10.276114+00:00,200,1.66,True,
2026-05-24T11:45:11.278035+00:00,200,4.32,True,
2026-05-24T11:45:12.282686+00:00,200,2.99,True,
2026-05-24T11:45:13.286783+00:00,200,2.52,True,
2026-05-24T11:45:14.289664+00:00,200,2.22,True,
2026-05-24T11:45:15.292113+00:00,200,2.97,True,
2026-05-24T11:45:16.295431+00:00,200,2.37,True,
2026-05-24T11:45:17.298030+00:00,200,2.43,True,
2026-05-24T11:45:18.300644+00:00,200,1.18,True,
2026-05-24T11:45:19.302067+00:00,200,2.97,True,
2026-05-24T11:45:20.305698+00:00,200,1.28,True,
2026-05-24T11:45:21.307159+00:00,200,3.39,True,
2026-05-24T11:45:22.311046+00:00,200,6.65,True,
2026-05-24T11:45:23.318127+00:00,200,3.17,True,
2026-05-24T11:45:24.321605+00:00,200,2.48,True,
2026-05-24T11:45:25.324824+00:00,200,4.3,True,
2026-05-24T11:45:26.329730+00:00,200,5.15,True,
2026-05-24T11:45:27.335212+00:00,200,1.44,True,
2026-05-24T11:45:28.336872+00:00,200,1.93,True,
2026-05-24T11:45:29.339233+00:00,200,1.43,True,
2026-05-24T11:45:30.340976+00:00,200,1.28,True,
2026-05-24T11:45:31.342357+00:00,200,1.55,True,
2026-05-24T11:45:32.344068+00:00,200,1.73,True,
2026-05-24T11:45:33.346006+00:00,200,11.03,True,
2026-05-24T11:45:34.358096+00:00,200,1.37,True,
2026-05-24T11:45:35.359721+00:00,200,2.56,True,
2026-05-24T11:45:36.362491+00:00,200,1.6,True,
2026-05-24T11:45:37.364455+00:00,200,2.86,True,
2026-05-24T11:45:38.367730+00:00,200,2.0,True,
2026-05-24T11:45:39.370210+00:00,200,2.25,True,
2026-05-24T11:45:40.372712+00:00,200,1.58,True,
2026-05-24T11:45:41.374664+00:00,200,1.44,True,
2026-05-24T11:45:42.376514+00:00,200,2.79,True,
2026-05-24T11:45:43.379674+00:00,200,2.0,True,
2026-05-24T11:45:44.381921+00:00,200,2.52,True,
2026-05-24T11:45:45.384667+00:00,200,2.25,True,
2026-05-24T11:45:46.387233+00:00,200,1.93,True,
2026-05-24T11:45:47.389624+00:00,200,2.05,True,
2026-05-24T11:45:48.391935+00:00,200,1.6,True,
2026-05-24T11:45:49.393833+00:00,200,5.3,True,
2026-05-24T11:45:50.399894+00:00,200,1.04,True,
2026-05-24T11:45:51.401104+00:00,200,3.42,True,
2026-05-24T11:45:52.405268+00:00,200,3.13,True,
2026-05-24T11:45:53.409034+00:00,200,1.98,True,
2026-05-24T11:45:54.411253+00:00,200,4.15,True,
2026-05-24T11:45:55.415699+00:00,200,3.75,True,
2026-05-24T11:45:56.419946+00:00,200,2.06,True,
2026-05-24T11:45:57.422793+00:00,200,3.08,True,
2026-05-24T11:45:58.426249+00:00,200,1.64,True,
2026-05-24T11:45:59.428749+00:00,200,0.93,True,
2026-05-24T11:46:00.429975+00:00,200,2.89,True,
2026-05-24T11:46:01.433300+00:00,200,2.59,True,
2026-05-24T11:46:02.436312+00:00,200,3.74,True,
2026-05-24T11:46:03.440303+00:00,200,1.22,True,
2026-05-24T11:46:04.441721+00:00,200,1.96,True,
2026-05-24T11:46:05.443925+00:00,200,3.63,True,
2026-05-24T11:46:06.447866+00:00,200,5.31,True,
2026-05-24T11:46:07.453580+00:00,200,5.16,True,
2026-05-24T11:46:08.459211+00:00,200,1.62,True,
2026-05-24T11:46:09.462135+00:00,200,4.94,True,
2026-05-24T11:46:10.467388+00:00,200,2.22,True,
2026-05-24T11:46:11.470250+00:00,200,2.72,True,
2026-05-24T11:46:12.473268+00:00,200,2.03,True,
2026-05-24T11:46:13.475537+00:00,200,7.15,True,
2026-05-24T11:46:14.483168+00:00,200,3.83,True,
2026-05-24T11:46:15.487574+00:00,200,4.61,True,
2026-05-24T11:46:16.492803+00:00,200,4.21,True,
2026-05-24T11:46:17.498277+00:00,200,2.82,True,
2026-05-24T11:46:18.501365+00:00,200,0.96,True,
2026-05-24T11:46:19.502480+00:00,200,0.94,True,
2026-05-24T11:46:20.503544+00:00,200,1.3,True,
2026-05-24T11:46:21.505029+00:00,200,2.05,True,
2026-05-24T11:46:22.507386+00:00,200,1.36,True,
2026-05-24T11:46:23.508976+00:00,200,2.88,True,
2026-05-24T11:46:24.512102+00:00,200,4.13,True,
2026-05-24T11:46:25.516502+00:00,200,3.41,True,
2026-05-24T11:46:26.520243+00:00,200,2.71,True,
2026-05-24T11:46:27.523274+00:00,200,2.98,True,
2026-05-24T11:46:28.526506+00:00,200,1.89,True,
2026-05-24T11:46:29.528572+00:00,200,1.57,True,
2026-05-24T11:46:30.530548+00:00,200,2.26,True,
2026-05-24T11:46:31.533062+00:00,200,1.98,True,
2026-05-24T11:46:32.535507+00:00,200,1.71,True,
2026-05-24T11:46:33.537422+00:00,200,3.05,True,
2026-05-24T11:46:34.540748+00:00,200,2.06,True,
2026-05-24T11:46:35.543035+00:00,200,5.61,True,
2026-05-24T11:46:36.548911+00:00,200,3.24,True,
2026-05-24T11:46:37.552674+00:00,200,7.64,True,
2026-05-24T11:46:38.560782+00:00,200,2.98,True,
2026-05-24T11:46:39.564248+00:00,200,1.19,True,
2026-05-24T11:46:40.565653+00:00,200,1.99,True,
2026-05-24T11:46:41.568092+00:00,200,3.68,True,
2026-05-24T11:46:42.571990+00:00,200,1.16,True,
2026-05-24T11:46:43.574197+00:00,200,1.26,True,
2026-05-24T11:46:44.575890+00:00,200,2.67,True,
2026-05-24T11:46:45.578769+00:00,200,2.82,True,
2026-05-24T11:46:46.582083+00:00,200,0.76,True,
2026-05-24T11:46:47.583534+00:00,200,3.79,True,
2026-05-24T11:46:48.587592+00:00,200,3.49,True,
2026-05-24T11:46:49.591398+00:00,200,2.45,True,
