request_id,request_start_time,request_end_time,status_code,duration_ms,success,error
1,2026-06-13T19:04:53.988205+00:00,2026-06-13T19:04:53.990851+00:00,200,2.65,True,
2,2026-06-13T19:04:54.990786+00:00,2026-06-13T19:04:54.993827+00:00,200,3.04,True,
3,2026-06-13T19:04:55.992734+00:00,2026-06-13T19:04:55.995247+00:00,200,2.51,True,
4,2026-06-13T19:04:56.994690+00:00,2026-06-13T19:04:56.997852+00:00,200,3.16,True,
5,2026-06-13T19:04:57.996496+00:00,2026-06-13T19:04:57.998079+00:00,200,1.58,True,
6,2026-06-13T19:04:58.997998+00:00,2026-06-13T19:04:59.005613+00:00,200,7.62,True,
7,2026-06-13T19:05:00.000072+00:00,2026-06-13T19:05:00.002792+00:00,200,2.72,True,
8,2026-06-13T19:05:01.001679+00:00,2026-06-13T19:05:01.005163+00:00,200,3.48,True,
9,2026-06-13T19:05:02.002785+00:00,2026-06-13T19:05:02.005582+00:00,200,2.8,True,
10,2026-06-13T19:05:03.004941+00:00,2026-06-13T19:05:03.009189+00:00,200,4.25,True,
11,2026-06-13T19:05:04.006545+00:00,2026-06-13T19:05:04.008819+00:00,200,2.27,True,
12,2026-06-13T19:05:05.007879+00:00,2026-06-13T19:05:05.010771+00:00,200,2.89,True,
13,2026-06-13T19:05:06.010228+00:00,2026-06-13T19:05:06.012820+00:00,200,2.59,True,
14,2026-06-13T19:05:07.012725+00:00,2026-06-13T19:05:07.015210+00:00,200,2.48,True,
15,2026-06-13T19:05:08.015003+00:00,2026-06-13T19:05:08.016537+00:00,200,1.53,True,
16,2026-06-13T19:05:09.017856+00:00,2026-06-13T19:05:09.022626+00:00,200,4.77,True,
17,2026-06-13T19:05:10.019060+00:00,2026-06-13T19:05:10.021774+00:00,200,2.71,True,
18,2026-06-13T19:05:11.020754+00:00,2026-06-13T19:05:11.023205+00:00,200,2.45,True,
19,2026-06-13T19:05:12.022232+00:00,2026-06-13T19:05:12.023865+00:00,200,1.63,True,
20,2026-06-13T19:05:13.023874+00:00,2026-06-13T19:05:13.026296+00:00,200,2.42,True,
21,2026-06-13T19:05:14.025771+00:00,2026-06-13T19:05:14.027314+00:00,200,1.54,True,
22,2026-06-13T19:05:15.026705+00:00,2026-06-13T19:05:15.028220+00:00,200,1.52,True,
23,2026-06-13T19:05:16.027896+00:00,2026-06-13T19:05:16.029421+00:00,200,1.53,True,
24,2026-06-13T19:05:17.028856+00:00,2026-06-13T19:05:17.031181+00:00,200,2.32,True,
25,2026-06-13T19:05:18.030461+00:00,2026-06-13T19:05:18.031946+00:00,200,1.49,True,
26,2026-06-13T19:05:19.031995+00:00,2026-06-13T19:05:19.034011+00:00,200,2.02,True,
27,2026-06-13T19:05:20.032702+00:00,2026-06-13T19:05:20.034408+00:00,200,1.71,True,
28,2026-06-13T19:05:21.033983+00:00,2026-06-13T19:05:21.036370+00:00,200,2.39,True,
29,2026-06-13T19:05:22.034732+00:00,2026-06-13T19:05:22.036318+00:00,200,1.59,True,
30,2026-06-13T19:05:23.035942+00:00,2026-06-13T19:05:23.038714+00:00,200,2.77,True,
31,2026-06-13T19:05:24.037796+00:00,2026-06-13T19:05:24.039097+00:00,200,1.3,True,
32,2026-06-13T19:05:25.038760+00:00,2026-06-13T19:05:25.040680+00:00,200,1.92,True,
33,2026-06-13T19:05:26.039705+00:00,2026-06-13T19:05:26.041211+00:00,200,1.51,True,
34,2026-06-13T19:05:27.040868+00:00,2026-06-13T19:05:27.042956+00:00,200,2.09,True,
35,2026-06-13T19:05:28.041649+00:00,2026-06-13T19:05:28.043328+00:00,200,1.68,True,
36,2026-06-13T19:05:29.043191+00:00,2026-06-13T19:05:29.045799+00:00,200,2.61,True,
37,2026-06-13T19:05:30.044713+00:00,2026-06-13T19:05:30.046390+00:00,200,1.68,True,
38,2026-06-13T19:05:31.045742+00:00,2026-06-13T19:05:31.048122+00:00,200,2.38,True,
39,2026-06-13T19:05:32.047087+00:00,2026-06-13T19:05:32.048823+00:00,200,1.74,True,
40,2026-06-13T19:05:33.048906+00:00,2026-06-13T19:05:33.051379+00:00,200,2.47,True,
41,2026-06-13T19:05:34.050416+00:00,2026-06-13T19:05:34.054189+00:00,200,3.77,True,
42,2026-06-13T19:05:35.052721+00:00,2026-06-13T19:05:35.055423+00:00,200,2.7,True,
43,2026-06-13T19:05:36.055022+00:00,2026-06-13T19:05:36.057336+00:00,200,2.31,True,
44,2026-06-13T19:05:37.056831+00:00,2026-06-13T19:05:37.058623+00:00,200,1.79,True,
45,2026-06-13T19:05:38.058454+00:00,2026-06-13T19:05:38.060507+00:00,200,2.05,True,
46,2026-06-13T19:05:39.060876+00:00,2026-06-13T19:05:39.063306+00:00,200,2.43,True,
47,2026-06-13T19:05:40.063061+00:00,2026-06-13T19:05:40.065070+00:00,200,2.01,True,
48,2026-06-13T19:05:41.063875+00:00,2026-06-13T19:05:41.066449+00:00,200,2.57,True,
49,2026-06-13T19:05:42.067296+00:00,2026-06-13T19:05:42.069776+00:00,200,2.48,True,
50,2026-06-13T19:05:43.069155+00:00,2026-06-13T19:05:43.071615+00:00,200,2.46,True,
51,2026-06-13T19:05:44.071010+00:00,2026-06-13T19:05:44.073418+00:00,200,2.41,True,
52,2026-06-13T19:05:45.072808+00:00,2026-06-13T19:05:45.113288+00:00,200,40.48,True,
53,2026-06-13T19:05:46.075031+00:00,2026-06-13T19:05:46.077649+00:00,200,2.62,True,
54,2026-06-13T19:05:47.076835+00:00,2026-06-13T19:05:47.078534+00:00,200,1.7,True,
55,2026-06-13T19:05:48.078989+00:00,2026-06-13T19:05:48.080583+00:00,200,1.59,True,
56,2026-06-13T19:05:49.081536+00:00,2026-06-13T19:05:49.083855+00:00,200,2.32,True,
57,2026-06-13T19:05:50.083225+00:00,2026-06-13T19:05:50.085824+00:00,200,2.6,True,
58,2026-06-13T19:05:51.085272+00:00,2026-06-13T19:05:51.087571+00:00,200,2.3,True,
59,2026-06-13T19:05:52.086697+00:00,2026-06-13T19:05:52.089498+00:00,200,2.8,True,
60,2026-06-13T19:05:53.089163+00:00,2026-06-13T19:05:53.091446+00:00,200,2.28,True,
61,2026-06-13T19:05:54.090781+00:00,2026-06-13T19:05:54.093670+00:00,200,2.89,True,
62,2026-06-13T19:05:55.093278+00:00,2026-06-13T19:05:55.097065+00:00,200,3.79,True,
63,2026-06-13T19:05:56.095674+00:00,2026-06-13T19:05:56.097375+00:00,200,1.7,True,
64,2026-06-13T19:05:57.096975+00:00,2026-06-13T19:05:57.098737+00:00,200,1.76,True,
65,2026-06-13T19:05:58.099997+00:00,2026-06-13T19:05:58.101544+00:00,200,1.55,True,
66,2026-06-13T19:05:59.101923+00:00,2026-06-13T19:05:59.103963+00:00,200,2.04,True,
67,2026-06-13T19:06:00.103396+00:00,2026-06-13T19:06:00.106232+00:00,200,2.84,True,
68,2026-06-13T19:06:01.105498+00:00,2026-06-13T19:06:01.108105+00:00,200,2.61,True,
69,2026-06-13T19:06:02.107411+00:00,2026-06-13T19:06:02.109310+00:00,200,1.9,True,
70,2026-06-13T19:06:03.108919+00:00,2026-06-13T19:06:03.111698+00:00,200,2.78,True,
71,2026-06-13T19:06:04.111332+00:00,2026-06-13T19:06:04.114057+00:00,200,2.73,True,
72,2026-06-13T19:06:05.112787+00:00,2026-06-13T19:06:05.115324+00:00,200,2.54,True,
73,2026-06-13T19:06:06.114782+00:00,2026-06-13T19:06:06.117371+00:00,200,2.59,True,
74,2026-06-13T19:06:07.116663+00:00,2026-06-13T19:06:07.118151+00:00,200,1.49,True,
75,2026-06-13T19:06:08.118482+00:00,2026-06-13T19:06:08.120286+00:00,200,1.8,True,
76,2026-06-13T19:06:09.120856+00:00,2026-06-13T19:06:09.122873+00:00,200,2.02,True,
77,2026-06-13T19:06:10.122357+00:00,2026-06-13T19:06:10.125591+00:00,200,3.23,True,
78,2026-06-13T19:06:11.123777+00:00,2026-06-13T19:06:11.126018+00:00,200,2.24,True,
79,2026-06-13T19:06:12.125672+00:00,2026-06-13T19:06:12.127473+00:00,200,1.8,True,
80,2026-06-13T19:06:13.127871+00:00,2026-06-13T19:06:13.130487+00:00,200,2.62,True,
81,2026-06-13T19:06:14.128840+00:00,2026-06-13T19:06:14.131066+00:00,200,2.23,True,
82,2026-06-13T19:06:15.130906+00:00,2026-06-13T19:06:15.133079+00:00,200,2.17,True,
83,2026-06-13T19:06:16.132448+00:00,2026-06-13T19:06:16.134664+00:00,200,2.22,True,
84,2026-06-13T19:06:17.133801+00:00,2026-06-13T19:06:17.136422+00:00,200,2.62,True,
85,2026-06-13T19:06:18.134782+00:00,2026-06-13T19:06:18.136832+00:00,200,2.05,True,
86,2026-06-13T19:06:19.135999+00:00,2026-06-13T19:06:19.138214+00:00,200,2.21,True,
87,2026-06-13T19:06:20.136844+00:00,2026-06-13T19:06:20.139472+00:00,200,2.63,True,
88,2026-06-13T19:06:21.139060+00:00,2026-06-13T19:06:21.141323+00:00,200,2.26,True,
89,2026-06-13T19:06:22.140727+00:00,2026-06-13T19:06:22.142173+00:00,200,1.45,True,
90,2026-06-13T19:06:23.142646+00:00,2026-06-13T19:06:23.143840+00:00,200,1.19,True,
91,2026-06-13T19:06:24.143941+00:00,2026-06-13T19:06:24.145434+00:00,200,1.49,True,
92,2026-06-13T19:06:25.144861+00:00,2026-06-13T19:06:25.146485+00:00,200,1.62,True,
93,2026-06-13T19:06:26.147316+00:00,2026-06-13T19:06:26.149856+00:00,200,2.54,True,
94,2026-06-13T19:06:27.148998+00:00,2026-06-13T19:06:27.151756+00:00,200,2.76,True,
95,2026-06-13T19:06:28.151750+00:00,2026-06-13T19:06:28.154695+00:00,200,2.95,True,
96,2026-06-13T19:06:29.153579+00:00,2026-06-13T19:06:29.155413+00:00,200,1.83,True,
97,2026-06-13T19:06:30.154844+00:00,2026-06-13T19:06:30.157900+00:00,200,3.06,True,
98,2026-06-13T19:06:31.156024+00:00,2026-06-13T19:06:31.158799+00:00,200,2.77,True,
99,2026-06-13T19:06:32.157352+00:00,2026-06-13T19:06:32.159198+00:00,200,1.85,True,
100,2026-06-13T19:06:33.159624+00:00,2026-06-13T19:06:33.162285+00:00,200,2.66,True,
101,2026-06-13T19:06:34.161365+00:00,2026-06-13T19:06:34.163686+00:00,200,2.32,True,
102,2026-06-13T19:06:35.162671+00:00,2026-06-13T19:06:35.165398+00:00,200,2.73,True,
103,2026-06-13T19:06:36.164176+00:00,2026-06-13T19:06:36.165858+00:00,200,1.68,True,
104,2026-06-13T19:06:37.165968+00:00,2026-06-13T19:06:37.167654+00:00,200,1.69,True,
105,2026-06-13T19:06:38.167683+00:00,2026-06-13T19:06:38.170322+00:00,200,2.64,True,
106,2026-06-13T19:06:39.170176+00:00,2026-06-13T19:06:39.172742+00:00,200,2.57,True,
107,2026-06-13T19:06:40.172096+00:00,2026-06-13T19:06:40.174880+00:00,200,2.78,True,
108,2026-06-13T19:06:41.174498+00:00,2026-06-13T19:06:41.177847+00:00,200,3.35,True,
109,2026-06-13T19:06:42.176062+00:00,2026-06-13T19:06:42.179457+00:00,200,3.4,True,
110,2026-06-13T19:06:43.177848+00:00,2026-06-13T19:06:43.180421+00:00,200,2.57,True,
111,2026-06-13T19:06:44.179120+00:00,2026-06-13T19:06:44.180733+00:00,200,1.61,True,
112,2026-06-13T19:06:45.180380+00:00,2026-06-13T19:06:45.183295+00:00,200,2.92,True,
113,2026-06-13T19:06:46.181012+00:00,2026-06-13T19:06:46.183390+00:00,200,2.38,True,
114,2026-06-13T19:06:47.181692+00:00,2026-06-13T19:06:47.183787+00:00,200,2.1,True,
115,2026-06-13T19:06:48.183467+00:00,2026-06-13T19:06:48.186337+00:00,200,2.87,True,
116,2026-06-13T19:06:49.184961+00:00,2026-06-13T19:06:49.189020+00:00,200,4.06,True,
117,2026-06-13T19:06:50.186498+00:00,2026-06-13T19:06:50.189141+00:00,200,2.64,True,
118,2026-06-13T19:06:51.187796+00:00,2026-06-13T19:06:51.190153+00:00,200,2.36,True,
119,2026-06-13T19:06:52.189245+00:00,2026-06-13T19:06:52.193597+00:00,200,4.35,True,
120,2026-06-13T19:06:53.190833+00:00,2026-06-13T19:06:53.193150+00:00,200,2.32,True,
121,2026-06-13T19:06:54.191960+00:00,2026-06-13T19:06:54.194099+00:00,200,2.14,True,
122,2026-06-13T19:06:55.192948+00:00,2026-06-13T19:06:55.195302+00:00,200,2.35,True,
123,2026-06-13T19:06:56.195342+00:00,2026-06-13T19:06:56.197598+00:00,200,2.26,True,
124,2026-06-13T19:06:57.197292+00:00,2026-06-13T19:06:57.199366+00:00,200,2.07,True,
125,2026-06-13T19:06:58.198813+00:00,2026-06-13T19:06:58.200894+00:00,200,2.08,True,
126,2026-06-13T19:06:59.200190+00:00,2026-06-13T19:06:59.203007+00:00,200,2.82,True,
127,2026-06-13T19:07:00.202566+00:00,2026-06-13T19:07:00.204409+00:00,200,1.84,True,
128,2026-06-13T19:07:01.203666+00:00,2026-06-13T19:07:01.206454+00:00,200,2.79,True,
129,2026-06-13T19:07:02.205312+00:00,2026-06-13T19:07:02.208196+00:00,200,2.88,True,
130,2026-06-13T19:07:03.207860+00:00,2026-06-13T19:07:03.211376+00:00,200,3.52,True,
131,2026-06-13T19:07:04.210048+00:00,2026-06-13T19:07:04.212811+00:00,200,2.76,True,
132,2026-06-13T19:07:05.212119+00:00,2026-06-13T19:07:05.213598+00:00,200,1.48,True,
133,2026-06-13T19:07:06.214122+00:00,2026-06-13T19:07:06.216594+00:00,200,2.47,True,
134,2026-06-13T19:07:07.216476+00:00,2026-06-13T19:07:07.218650+00:00,200,2.17,True,
135,2026-06-13T19:07:08.218674+00:00,2026-06-13T19:07:08.221083+00:00,200,2.41,True,
136,2026-06-13T19:07:09.220870+00:00,2026-06-13T19:07:09.223804+00:00,200,2.93,True,
137,2026-06-13T19:07:10.221994+00:00,2026-06-13T19:07:10.224824+00:00,200,2.83,True,
138,2026-06-13T19:07:11.223762+00:00,2026-06-13T19:07:11.226264+00:00,200,2.5,True,
139,2026-06-13T19:07:12.226071+00:00,2026-06-13T19:07:12.228835+00:00,200,2.76,True,
140,2026-06-13T19:07:13.228078+00:00,2026-06-13T19:07:13.229818+00:00,200,1.74,True,
141,2026-06-13T19:07:14.230448+00:00,2026-06-13T19:07:14.234211+00:00,200,3.76,True,
142,2026-06-13T19:07:15.233187+00:00,2026-06-13T19:07:15.235630+00:00,200,2.44,True,
143,2026-06-13T19:07:16.236246+00:00,2026-06-13T19:07:16.238792+00:00,200,2.55,True,
144,2026-06-13T19:07:17.237546+00:00,2026-06-13T19:07:17.239922+00:00,200,2.38,True,
145,2026-06-13T19:07:18.238671+00:00,2026-06-13T19:07:18.240067+00:00,200,1.4,True,
146,2026-06-13T19:07:19.239997+00:00,2026-06-13T19:07:19.243714+00:00,200,3.72,True,
147,2026-06-13T19:07:20.242678+00:00,2026-06-13T19:07:20.245140+00:00,200,2.46,True,
148,2026-06-13T19:07:21.244275+00:00,2026-06-13T19:07:21.245800+00:00,200,1.53,True,
149,2026-06-13T19:07:22.245873+00:00,2026-06-13T19:07:22.248732+00:00,200,2.86,True,
150,2026-06-13T19:07:23.248414+00:00,2026-06-13T19:07:23.250690+00:00,200,2.28,True,
151,2026-06-13T19:07:24.249443+00:00,2026-06-13T19:07:24.255335+00:00,200,5.89,True,
152,2026-06-13T19:07:25.249971+00:00,2026-06-13T19:07:25.251671+00:00,200,1.7,True,
153,2026-06-13T19:07:26.252035+00:00,2026-06-13T19:07:26.254539+00:00,200,2.5,True,
154,2026-06-13T19:07:27.254091+00:00,2026-06-13T19:07:27.256756+00:00,200,2.67,True,
155,2026-06-13T19:07:28.256131+00:00,2026-06-13T19:07:28.257921+00:00,200,1.79,True,
156,2026-06-13T19:07:29.259220+00:00,2026-06-13T19:07:29.263593+00:00,200,4.37,True,
157,2026-06-13T19:07:30.260779+00:00,2026-06-13T19:07:30.263849+00:00,200,3.07,True,
158,2026-06-13T19:07:31.262101+00:00,2026-06-13T19:07:31.266489+00:00,200,4.39,True,
159,2026-06-13T19:07:32.264211+00:00,2026-06-13T19:07:32.267990+00:00,200,3.78,True,
160,2026-06-13T19:07:33.264929+00:00,2026-06-13T19:07:33.267407+00:00,200,2.48,True,
161,2026-06-13T19:07:34.266103+00:00,2026-06-13T19:07:34.270027+00:00,200,3.92,True,
162,2026-06-13T19:07:35.267788+00:00,2026-06-13T19:07:35.270908+00:00,200,3.12,True,
163,2026-06-13T19:07:36.268847+00:00,2026-06-13T19:07:36.270009+00:00,200,1.16,True,
164,2026-06-13T19:07:37.270938+00:00,2026-06-13T19:07:37.273249+00:00,200,2.31,True,
165,2026-06-13T19:07:38.272948+00:00,2026-06-13T19:07:38.280116+00:00,200,7.17,True,
166,2026-06-13T19:07:39.274714+00:00,2026-06-13T19:07:39.276803+00:00,200,2.09,True,
167,2026-06-13T19:07:40.276418+00:00,2026-06-13T19:07:40.279106+00:00,200,2.69,True,
168,2026-06-13T19:07:41.277975+00:00,2026-06-13T19:07:41.281804+00:00,200,3.83,True,
169,2026-06-13T19:07:42.280910+00:00,2026-06-13T19:07:42.285160+00:00,200,4.25,True,
170,2026-06-13T19:07:43.282107+00:00,2026-06-13T19:07:43.287669+00:00,200,5.56,True,
171,2026-06-13T19:07:44.284000+00:00,2026-06-13T19:07:44.288348+00:00,200,4.35,True,
172,2026-06-13T19:07:45.284781+00:00,2026-06-13T19:07:45.287191+00:00,200,2.41,True,
173,2026-06-13T19:07:46.285756+00:00,2026-06-13T19:07:46.315968+00:00,200,30.21,True,
174,2026-06-13T19:07:47.287436+00:00,2026-06-13T19:07:47.290166+00:00,200,2.73,True,
175,2026-06-13T19:07:48.290340+00:00,2026-06-13T19:07:48.292303+00:00,200,1.96,True,
176,2026-06-13T19:07:49.290798+00:00,2026-06-13T19:07:49.293451+00:00,200,2.65,True,
177,2026-06-13T19:07:50.294021+00:00,2026-06-13T19:07:50.296660+00:00,200,2.64,True,
178,2026-06-13T19:07:51.295889+00:00,2026-06-13T19:07:51.297728+00:00,200,1.84,True,
179,2026-06-13T19:07:52.298626+00:00,2026-06-13T19:07:52.304201+00:00,200,5.58,True,
180,2026-06-13T19:07:53.300938+00:00,2026-06-13T19:07:53.303289+00:00,200,2.35,True,
