scenario,run,phase,requests_total,success,failed,success_rate,error_rate,avg_ms,median_ms,p95_ms,p99_ms,min_ms,max_ms,timeouts,recovery_latency_s
latency-1s-short,run-01-router,overall,466,466,0,100.00%,0.00%,465.27,6.03,2009.99,2011.21,1.51,2012.92,,11.410732
latency-1s-short,run-01-router,baseline,179,179,0,100.00%,0.00%,5.08,4.41,8.87,10.58,1.70,11.16,,11.410732
latency-1s-short,run-01-router,fault,105,105,0,100.00%,0.00%,1989.14,2008.24,2011.05,2012.43,4.00,2012.92,,11.410732
latency-1s-short,run-01-router,after,182,182,0,100.00%,0.00%,38.72,5.63,9.81,2008.04,1.51,2008.58,,11.410732
latency-1s-short,run-02-router,overall,466,466,0,100.00%,0.00%,4638.12,7.41,2011.53,2015.94,1.68,996115.97,,11.627282
latency-1s-short,run-02-router,baseline,179,179,0,100.00%,0.00%,5.81,5.20,9.71,11.12,1.80,11.70,,11.627282
latency-1s-short,run-02-router,fault,105,105,0,100.00%,0.00%,20505.25,2009.53,2014.33,951944.81,2.37,996115.97,,11.627282
latency-1s-short,run-02-router,after,182,182,0,100.00%,0.00%,39.97,6.63,12.56,2009.98,1.68,2012.14,,11.627282
latency-1s-short,run-03-router,overall,466,466,0,100.00%,0.00%,466.01,6.54,2011.05,2013.95,1.81,2018.28,,10.928955
latency-1s-short,run-03-router,baseline,179,179,0,100.00%,0.00%,5.84,4.89,11.02,20.86,1.81,22.79,,10.928955
latency-1s-short,run-03-router,fault,105,105,0,100.00%,0.00%,1989.84,2008.43,2013.01,2014.70,2.71,2018.28,,10.928955
latency-1s-short,run-03-router,after,182,182,0,100.00%,0.00%,39.47,5.66,12.64,2006.68,1.95,2009.52,,10.928955
latency-1s-short,run-04-router,overall,466,466,0,100.00%,0.00%,465.73,6.70,2009.43,2012.41,1.73,2013.76,,11.447834
latency-1s-short,run-04-router,baseline,179,179,0,100.00%,0.00%,5.75,4.85,11.15,16.00,2.02,21.31,,11.447834
latency-1s-short,run-04-router,fault,105,105,0,100.00%,0.00%,1988.73,2007.38,2012.01,2013.56,2.97,2013.76,,11.447834
latency-1s-short,run-04-router,after,182,182,0,100.00%,0.00%,39.47,6.13,12.42,2005.96,1.73,2008.08,,11.447834
latency-1s-short,run-05-router,overall,466,466,0,100.00%,0.00%,465.81,6.26,2011.67,2013.90,1.70,2021.03,,11.524688
latency-1s-short,run-05-router,baseline,179,179,0,100.00%,0.00%,4.55,3.96,8.15,9.76,1.70,10.04,,11.524688
latency-1s-short,run-05-router,fault,105,105,0,100.00%,0.00%,1990.85,2009.76,2012.68,2019.36,7.96,2021.03,,11.524688
latency-1s-short,run-05-router,after,182,182,0,100.00%,0.00%,39.63,6.19,12.92,2006.24,1.76,2013.90,,11.524688
latency-1s-short,run-06-router,overall,466,466,0,100.00%,0.00%,465.94,6.54,2009.57,2011.88,1.62,2070.59,,11.74477
latency-1s-short,run-06-router,baseline,179,179,0,100.00%,0.00%,6.31,4.86,8.80,12.36,1.62,186.73,,11.74477
latency-1s-short,run-06-router,fault,105,105,0,100.00%,0.00%,1989.45,2007.88,2011.87,2013.29,2.25,2070.59,,11.74477
latency-1s-short,run-06-router,after,182,182,0,100.00%,0.00%,39.05,6.13,10.07,2008.58,1.90,2009.72,,11.74477
latency-1s-short,run-07-router,overall,466,466,0,100.00%,0.00%,466.03,6.94,2011.03,2014.12,1.99,2016.95,,11.377255
latency-1s-short,run-07-router,baseline,179,179,0,100.00%,0.00%,5.31,4.30,9.57,12.08,1.99,19.35,,11.377255
latency-1s-short,run-07-router,fault,105,105,0,100.00%,0.00%,1990.07,2009.05,2013.59,2015.52,2.75,2016.95,,11.377255
latency-1s-short,run-07-router,after,182,182,0,100.00%,0.00%,39.90,6.62,12.42,2008.38,2.19,2015.14,,11.377255
latency-1s-short,run-08-router,overall,465,465,0,100.00%,0.00%,906.74,7.00,2010.98,2026.13,1.58,140466.98,,12.007826
latency-1s-short,run-08-router,baseline,179,179,0,100.00%,0.00%,6.23,6.26,11.24,13.20,1.58,13.45,,12.007826
latency-1s-short,run-08-router,fault,104,104,0,100.00%,0.00%,3965.56,2008.66,2016.69,45801.67,2002.74,140466.98,,12.007826
latency-1s-short,run-08-router,after,182,182,0,100.00%,0.00%,44.50,5.01,11.43,2006.30,1.97,2011.44,,12.007826
latency-1s-short,run-09-router,overall,465,465,0,100.00%,0.00%,469.07,7.37,2010.32,2012.77,2.06,2016.23,,12.469655
latency-1s-short,run-09-router,baseline,179,179,0,100.00%,0.00%,6.63,6.70,10.86,13.58,2.06,14.79,,12.469655
latency-1s-short,run-09-router,fault,104,104,0,100.00%,0.00%,2007.66,2007.47,2012.54,2014.69,1997.96,2016.23,,12.469655
latency-1s-short,run-09-router,after,182,182,0,100.00%,0.00%,44.69,5.22,12.31,2008.30,2.11,2010.37,,12.469655
latency-1s-short,run-10-router,overall,466,466,0,100.00%,0.00%,465.84,6.99,2010.17,2013.72,1.64,2017.60,,11.201308
latency-1s-short,run-10-router,baseline,179,179,0,100.00%,0.00%,5.64,4.60,11.42,14.12,1.82,14.73,,11.201308
latency-1s-short,run-10-router,fault,105,105,0,100.00%,0.00%,1989.21,2007.74,2013.10,2014.89,2.02,2017.60,,11.201308
latency-1s-short,run-10-router,after,182,182,0,100.00%,0.00%,39.58,6.17,12.35,2013.35,1.64,2013.72,,11.201308
latency-1min-short,run-01-router,overall,274,253,21,92.34%,7.66%,2588.09,4.08,3071.34,124925.34,1.85,311257.68,,109.550074
latency-1min-short,run-01-router,baseline,180,180,0,100.00%,0.00%,4.39,3.92,7.78,11.39,1.97,12.43,,109.550074
latency-1min-short,run-01-router,fault,22,1,21,4.55%,95.45%,32179.57,3071.59,182849.99,311257.68,1.85,311257.68,,109.550074
latency-1min-short,run-01-router,after,72,72,0,100.00%,0.00%,5.52,4.88,8.85,13.53,2.89,13.53,,109.550074
latency-1min-short,run-02-router,overall,331,311,20,93.96%,6.04%,2275.63,4.51,3071.29,39003.90,1.76,295570.08,,53.20094
latency-1min-short,run-02-router,baseline,180,180,0,100.00%,0.00%,5.27,4.46,9.23,14.57,1.76,14.99,,53.20094
latency-1min-short,run-02-router,fault,22,2,20,9.09%,90.91%,34163.74,3071.93,233541.87,295570.08,2.41,295570.08,,53.20094
latency-1min-short,run-02-router,after,129,129,0,100.00%,0.00%,5.28,4.18,10.07,12.51,2.24,12.82,,53.20094
latency-1min-short,run-03-router,overall,349,346,3,99.14%,0.86%,1769.24,4.18,9.35,17.45,1.73,243148.71,,16.513291
latency-1min-short,run-03-router,baseline,180,180,0,100.00%,0.00%,5.07,4.09,9.35,11.20,1.94,17.45,,16.513291
latency-1min-short,run-03-router,fault,4,1,3,25.00%,75.00%,153926.51,186277.06,243148.71,243148.71,3.19,243148.71,,16.513291
latency-1min-short,run-03-router,after,165,165,0,100.00%,0.00%,5.12,4.26,8.70,11.65,1.73,12.24,,16.513291
latency-1min-short,run-04-router,overall,360,355,5,98.61%,1.39%,1692.48,5.25,9.78,3072.69,1.74,292225.94,,8.648614
latency-1min-short,run-04-router,baseline,180,180,0,100.00%,0.00%,5.05,4.08,8.73,11.40,1.74,13.66,,8.648614
latency-1min-short,run-04-router,fault,7,2,5,28.57%,71.43%,86755.77,3072.69,292225.94,292225.94,4.71,292225.94,,8.648614
latency-1min-short,run-04-router,after,173,173,0,100.00%,0.00%,6.33,6.74,9.65,10.78,2.36,12.73,,8.648614
latency-1min-short,run-05-router,overall,314,301,13,95.86%,4.14%,2805.57,4.70,11.15,70416.67,1.41,342815.88,,61.720902
latency-1min-short,run-05-router,baseline,180,180,0,100.00%,0.00%,5.21,4.21,9.44,10.70,1.85,13.40,,61.720902
latency-1min-short,run-05-router,fault,14,1,13,7.14%,92.86%,62808.23,3072.09,342815.88,342815.88,2.98,342815.88,,61.720902
latency-1min-short,run-05-router,after,120,120,0,100.00%,0.00%,5.78,5.52,9.54,11.15,1.41,11.50,,61.720902
latency-1min-short,run-06-router,overall,338,328,10,97.04%,2.96%,4798.50,4.58,10.45,12607.63,1.76,1227176.88,,34.357078
latency-1min-short,run-06-router,baseline,180,180,0,100.00%,0.00%,4.67,3.87,8.47,11.94,1.76,12.02,,34.357078
latency-1min-short,run-06-router,fault,11,1,10,9.09%,90.91%,147285.37,3071.97,1227176.88,1227176.88,2.34,1227176.88,,34.357078
latency-1min-short,run-06-router,after,147,147,0,100.00%,0.00%,6.23,6.36,9.63,12.45,1.82,15.68,,34.357078
latency-1min-short,run-07-router,overall,328,313,15,95.43%,4.57%,6235.49,5.15,10.39,3073.01,1.81,1636944.29,,74.288837
latency-1min-short,run-07-router,baseline,180,180,0,100.00%,0.00%,5.17,4.62,8.93,10.18,1.81,12.31,,74.288837
latency-1min-short,run-07-router,fault,16,1,15,6.25%,93.75%,127722.33,3071.30,1636944.29,1636944.29,6.00,1636944.29,,74.288837
latency-1min-short,run-07-router,after,132,132,0,100.00%,0.00%,5.69,5.37,8.82,9.45,2.84,10.39,,74.288837
latency-1min-short,run-08-router,overall,250,230,20,92.00%,8.00%,2935.05,5.26,3071.67,120348.49,2.04,315351.11,,135.2069
latency-1min-short,run-08-router,baseline,180,180,0,100.00%,0.00%,5.46,4.91,9.29,11.17,2.04,13.20,,135.2069
latency-1min-short,run-08-router,fault,23,3,20,13.04%,86.96%,31847.88,3071.74,125469.89,315351.11,2.53,315351.11,,135.2069
latency-1min-short,run-08-router,after,47,47,0,100.00%,0.00%,5.92,5.19,9.95,13.36,2.41,13.36,,135.2069
latency-1min-short,run-09-router,overall,373,348,25,93.30%,6.70%,1652.84,4.99,3071.04,37490.52,1.85,319319.47,,16.566109
latency-1min-short,run-09-router,baseline,180,180,0,100.00%,0.00%,5.85,5.29,10.00,16.83,1.85,17.31,,16.566109
latency-1min-short,run-09-router,fault,28,3,25,10.71%,89.29%,21951.02,3071.66,122076.59,319319.47,2.31,319319.47,,16.566109
latency-1min-short,run-09-router,after,165,165,0,100.00%,0.00%,5.02,4.05,8.80,10.03,2.11,12.67,,16.566109
latency-1min-short,run-10-router,overall,375,362,13,96.53%,3.47%,1604.57,4.47,10.75,37806.99,1.44,240074.61,,1.173566
latency-1min-short,run-10-router,baseline,180,180,0,100.00%,0.00%,5.21,4.13,9.05,11.16,1.89,11.65,,1.173566
latency-1min-short,run-10-router,fault,15,2,13,13.33%,86.67%,39990.43,3071.87,240074.61,240074.61,2.11,240074.61,,1.173566
latency-1min-short,run-10-router,after,180,180,0,100.00%,0.00%,5.11,4.22,8.72,11.00,1.44,11.93,,1.173566
latency-10min-async-limited,run-01-router,overall,1331,181,1150,13.60%,86.40%,20844.04,1121.27,87079.03,351731.27,1.02,1401714.01,,NA
latency-10min-async-limited,run-01-router,baseline,180,180,0,100.00%,0.00%,2.69,2.33,4.48,5.49,1.02,5.94,,NA
latency-10min-async-limited,run-01-router,fault,1151,1,1150,0.09%,99.91%,24103.33,2049.56,301755.65,351929.40,44.37,1401714.01,,NA
latency-10min-async-limited,run-01-router,after,0,0,0,NA,NA,,,,,,,,NA
latency-10min-async-limited,run-02-router,overall,2156,361,1795,16.74%,83.26%,5979.07,1108.59,35935.09,132969.02,0.81,1227447.14,,1.000563
latency-10min-async-limited,run-02-router,baseline,179,179,0,100.00%,0.00%,3.18,3.36,5.25,6.16,1.04,6.36,,1.000563
latency-10min-async-limited,run-02-router,fault,1798,3,1795,0.17%,99.83%,7168.92,2051.15,37292.66,133254.14,1.98,1227447.14,,1.000563
latency-10min-async-limited,run-02-router,after,179,179,0,100.00%,0.00%,3.27,3.58,5.17,5.83,0.81,6.45,,1.000563
latency-10min-async-limited,run-03-router,overall,607,181,426,29.82%,70.18%,10945.28,1057.43,4010.23,37867.31,0.84,3324344.70,,NA
latency-10min-async-limited,run-03-router,baseline,179,179,0,100.00%,0.00%,3.12,3.45,4.80,5.88,0.84,7.89,,NA
latency-10min-async-limited,run-03-router,fault,428,2,426,0.47%,99.53%,15521.56,1690.58,12082.73,38869.35,3.90,3324344.70,,NA
latency-10min-async-limited,run-03-router,after,0,0,0,NA,NA,,,,,,,,NA
latency-10min-async-limited,run-04-router,overall,2156,362,1794,16.79%,83.21%,6567.44,1107.47,36723.98,134561.79,0.95,644960.95,,1.354839
latency-10min-async-limited,run-04-router,baseline,180,180,0,100.00%,0.00%,3.35,3.40,5.68,8.53,1.04,12.19,,1.354839
latency-10min-async-limited,run-04-router,fault,1796,2,1794,0.11%,99.89%,7882.64,2051.12,38305.99,134913.39,39.63,644960.95,,1.354839
latency-10min-async-limited,run-04-router,after,180,180,0,100.00%,0.00%,8.80,3.20,4.83,8.56,0.95,1047.55,,1.354839
latency-10min-async-limited,run-05-router,overall,2156,363,1793,16.84%,83.16%,5050.77,1105.41,35729.39,70335.31,1.05,659943.63,,1.418457
latency-10min-async-limited,run-05-router,baseline,180,180,0,100.00%,0.00%,3.34,3.62,5.03,5.65,1.21,6.16,,1.418457
latency-10min-async-limited,run-05-router,fault,1796,3,1793,0.17%,99.83%,6061.90,2050.74,37083.00,70788.04,6.60,659943.63,,1.418457
latency-10min-async-limited,run-05-router,after,180,180,0,100.00%,0.00%,9.36,3.29,5.38,60.93,1.05,1062.45,,1.418457
latency-10min-async-limited,run-06-router,overall,2156,361,1795,16.74%,83.26%,7290.65,1110.72,38321.36,134753.53,1.11,673449.79,,1.225996
latency-10min-async-limited,run-06-router,baseline,180,180,0,100.00%,0.00%,3.14,3.29,5.01,7.26,1.11,8.50,,1.225996
latency-10min-async-limited,run-06-router,fault,1796,1,1795,0.06%,99.94%,8750.84,2055.70,68462.66,135014.64,40.19,673449.79,,1.225996
latency-10min-async-limited,run-06-router,after,180,180,0,100.00%,0.00%,8.61,2.87,5.25,8.12,1.16,1007.85,,1.225996
latency-10min-async-limited,run-07-router,overall,1234,181,1053,14.67%,85.33%,15610.06,1151.72,71095.65,135810.03,0.93,3520135.79,,NA
latency-10min-async-limited,run-07-router,baseline,180,180,0,100.00%,0.00%,2.98,2.94,5.01,7.19,0.93,9.10,,NA
latency-10min-async-limited,run-07-router,fault,1054,1,1053,0.09%,99.91%,18275.40,2066.66,132582.03,135942.53,4.19,3520135.79,,NA
latency-10min-async-limited,run-07-router,after,0,0,0,NA,NA,,,,,,,,NA
latency-10min-async-limited,run-08-router,overall,2156,363,1793,16.84%,83.16%,6204.23,1109.34,37124.07,133224.04,0.93,665515.52,,1.06859
latency-10min-async-limited,run-08-router,baseline,180,180,0,100.00%,0.00%,3.23,3.44,5.30,8.57,1.03,8.85,,1.06859
latency-10min-async-limited,run-08-router,fault,1796,3,1793,0.17%,99.83%,7446.62,2051.37,38266.86,134049.39,9.88,665515.52,,1.06859
latency-10min-async-limited,run-08-router,after,180,180,0,100.00%,0.00%,8.90,3.51,5.51,10.22,0.93,1004.00,,1.06859
latency-10min-async-limited,run-09-router,overall,2156,362,1794,16.79%,83.21%,7498.45,1114.32,39129.84,134671.04,1.09,739962.21,,0.981459
latency-10min-async-limited,run-09-router,baseline,179,179,0,100.00%,0.00%,3.28,3.44,5.14,8.05,1.11,8.61,,0.981459
latency-10min-async-limited,run-09-router,fault,1798,4,1794,0.22%,99.78%,8990.77,2052.76,69150.39,135018.90,2.29,739962.21,,0.981459
latency-10min-async-limited,run-09-router,after,179,179,0,100.00%,0.00%,3.68,3.49,4.99,7.20,1.09,79.06,,0.981459
latency-10min-async-limited,run-10-router,overall,2156,362,1794,16.79%,83.21%,8087.47,1111.12,68272.36,135069.13,0.95,602330.97,,1.092583
latency-10min-async-limited,run-10-router,baseline,180,180,0,100.00%,0.00%,3.23,3.38,5.14,7.23,0.97,7.71,,1.092583
latency-10min-async-limited,run-10-router,fault,1796,2,1794,0.11%,99.89%,9707.25,2053.53,69426.37,135416.79,24.64,602330.97,,1.092583
latency-10min-async-limited,run-10-router,after,180,180,0,100.00%,0.00%,9.88,3.55,5.03,89.45,0.95,1089.97,,1.092583
latency-30min-async-limited,run-01-router,overall,1378,180,1198,13.06%,86.94%,11481.95,1104.84,3109.50,71184.21,0.99,2755165.86,,NA
latency-30min-async-limited,run-01-router,baseline,180,180,0,100.00%,0.00%,2.66,2.28,4.60,5.28,0.99,5.84,,NA
latency-30min-async-limited,run-01-router,fault,1198,0,1198,0.00%,100.00%,13206.72,1596.64,3113.00,278542.08,4.82,2755165.86,,NA
latency-30min-async-limited,run-01-router,after,0,0,0,NA,NA,,,,,,,,NA
latency-30min-async-limited,run-02-router,overall,5749,359,5390,6.24%,93.76%,3712.39,1121.12,3109.21,70246.13,0.88,943019.36,,1.605511
latency-30min-async-limited,run-02-router,baseline,180,180,0,100.00%,0.00%,3.09,3.12,5.23,8.89,0.88,9.40,,1.605511
latency-30min-async-limited,run-02-router,fault,5389,0,5389,0.00%,100.00%,3960.16,1385.00,3110.59,70366.83,8.31,943019.36,,1.605511
latency-30min-async-limited,run-02-router,after,180,179,1,99.44%,0.56%,3.76,3.62,4.86,16.43,1.00,74.03,,1.605511
latency-30min-async-limited,run-03-router,overall,3408,180,3228,5.28%,94.72%,6524.98,1126.74,3116.82,133317.79,0.93,1801928.18,,NA
latency-30min-async-limited,run-03-router,baseline,180,180,0,100.00%,0.00%,3.18,3.29,5.07,8.36,0.93,9.10,,NA
latency-30min-async-limited,run-03-router,fault,3228,0,3228,0.00%,100.00%,6888.64,1646.09,5110.21,133488.82,13.74,1801928.18,,NA
latency-30min-async-limited,run-03-router,after,0,0,0,NA,NA,,,,,,,,NA
latency-30min-async-limited,run-04-router,overall,5749,360,5389,6.26%,93.74%,3881.90,1121.46,3110.14,70363.14,0.95,962154.48,,1.303457
latency-30min-async-limited,run-04-router,baseline,179,179,0,100.00%,0.00%,3.32,3.53,5.03,6.26,0.95,8.32,,1.303457
latency-30min-async-limited,run-04-router,fault,5390,1,5389,0.02%,99.98%,4140.03,1377.14,3111.05,70429.78,3.93,962154.48,,1.303457
latency-30min-async-limited,run-04-router,after,180,180,0,100.00%,0.00%,9.33,3.75,5.03,6.98,1.26,1057.79,,1.303457
latency-30min-async-limited,run-05-router,overall,2025,180,1845,8.89%,91.11%,15847.47,1118.84,3110.10,1000193.17,1.28,1417802.24,,NA
latency-30min-async-limited,run-05-router,baseline,179,179,0,100.00%,0.00%,3.29,3.54,4.96,6.42,1.28,6.42,,NA
latency-30min-async-limited,run-05-router,fault,1846,1,1845,0.05%,99.95%,17383.82,1531.70,3111.92,1002196.51,3.77,1417802.24,,NA
latency-30min-async-limited,run-05-router,after,0,0,0,NA,NA,,,,,,,,NA
latency-30min-async-limited,run-06-router,overall,2381,180,2201,7.56%,92.44%,50428.92,1129.34,36981.67,1082247.38,0.91,2029552.38,,NA
latency-30min-async-limited,run-06-router,baseline,179,179,0,100.00%,0.00%,3.51,3.75,5.13,6.32,0.91,6.41,,NA
latency-30min-async-limited,run-06-router,fault,2202,1,2201,0.05%,99.95%,54527.98,1807.21,38917.33,1082335.67,4.87,2029552.38,,NA
latency-30min-async-limited,run-06-router,after,0,0,0,NA,NA,,,,,,,,NA
latency-30min-async-limited,run-07-router,overall,5749,362,5387,6.30%,93.70%,4090.35,1120.78,3111.04,132881.06,0.92,942928.13,,1.21016
latency-30min-async-limited,run-07-router,baseline,179,179,0,100.00%,0.00%,3.50,3.61,5.39,7.23,1.05,9.86,,1.21016
latency-30min-async-limited,run-07-router,fault,5390,3,5387,0.06%,99.94%,4362.42,1525.09,3112.59,133049.83,2.06,942928.13,,1.21016
latency-30min-async-limited,run-07-router,after,180,180,0,100.00%,0.00%,7.41,3.29,4.88,6.48,0.92,780.35,,1.21016
latency-30min-async-limited,run-08-router,overall,1597,180,1417,11.27%,88.73%,9424.79,1112.48,3112.86,71016.68,1.14,1996762.68,,NA
latency-30min-async-limited,run-08-router,baseline,179,179,0,100.00%,0.00%,3.13,3.02,5.21,9.74,1.14,12.42,,NA
latency-30min-async-limited,run-08-router,fault,1418,1,1417,0.07%,99.93%,10614.13,1605.35,5240.00,71082.32,3.13,1996762.68,,NA
latency-30min-async-limited,run-08-router,after,0,0,0,NA,NA,,,,,,,,NA
latency-30min-async-limited,run-09-router,overall,1918,180,1738,9.38%,90.62%,12775.49,1111.30,3105.50,297041.18,0.92,2566896.93,,NA
latency-30min-async-limited,run-09-router,baseline,179,179,0,100.00%,0.00%,2.94,2.67,5.23,10.66,0.92,10.83,,NA
latency-30min-async-limited,run-09-router,fault,1739,1,1738,0.06%,99.94%,14090.20,1235.68,3107.05,297669.22,1.86,2566896.93,,NA
latency-30min-async-limited,run-09-router,after,0,0,0,NA,NA,,,,,,,,NA
latency-30min-async-limited,run-10-router,overall,1111,180,931,16.20%,83.80%,10741.93,1103.47,4945.47,101590.19,0.80,6453296.45,,NA
latency-30min-async-limited,run-10-router,baseline,179,179,0,100.00%,0.00%,3.06,2.95,5.10,6.38,0.80,7.62,,NA
latency-30min-async-limited,run-10-router,fault,932,1,931,0.11%,99.89%,12804.44,1630.62,10090.53,102529.17,3.78,6453296.45,,NA
latency-30min-async-limited,run-10-router,after,0,0,0,NA,NA,,,,,,,,NA
packet-loss-1pct-async-limited,run-01-router,overall,831,831,0,100.00%,0.00%,4.36,2.71,4.86,9.02,0.73,213.08,0,0.385755
packet-loss-1pct-async-limited,run-01-router,baseline,179,179,0,100.00%,0.00%,2.68,2.16,5.18,6.50,0.87,21.62,0,0.385755
packet-loss-1pct-async-limited,run-01-router,fault,600,600,0,100.00%,0.00%,5.00,2.85,4.80,205.80,0.73,213.08,0,0.385755
packet-loss-1pct-async-limited,run-01-router,after,52,52,0,100.00%,0.00%,2.75,2.69,5.47,5.84,0.77,5.84,0,0.385755
packet-loss-1pct-async-limited,run-02-router,overall,959,959,0,100.00%,0.00%,4.82,3.10,4.85,7.28,1.03,215.73,0,0.464388
packet-loss-1pct-async-limited,run-02-router,baseline,179,179,0,100.00%,0.00%,2.82,2.84,4.15,5.89,1.12,7.20,0,0.464388
packet-loss-1pct-async-limited,run-02-router,fault,600,600,0,100.00%,0.00%,5.88,3.12,4.93,212.33,1.03,215.73,0,0.464388
packet-loss-1pct-async-limited,run-02-router,after,180,180,0,100.00%,0.00%,3.26,3.25,4.91,5.59,1.07,5.88,0,0.464388
packet-loss-1pct-async-limited,run-03-router,overall,959,959,0,100.00%,0.00%,3.49,3.07,5.05,6.49,0.86,212.46,0,0.64405
packet-loss-1pct-async-limited,run-03-router,baseline,180,180,0,100.00%,0.00%,3.68,2.84,5.13,5.99,1.19,120.60,0,0.64405
packet-loss-1pct-async-limited,run-03-router,fault,599,599,0,100.00%,0.00%,3.48,3.06,5.04,7.15,0.86,212.46,0,0.64405
packet-loss-1pct-async-limited,run-03-router,after,180,180,0,100.00%,0.00%,3.34,3.50,4.96,5.77,1.32,6.76,0,0.64405
packet-loss-1pct-async-limited,run-04-router,overall,959,959,0,100.00%,0.00%,5.20,2.88,5.03,207.42,0.76,219.34,0,0.575958
packet-loss-1pct-async-limited,run-04-router,baseline,179,179,0,100.00%,0.00%,3.07,2.89,5.07,5.62,0.99,7.64,0,0.575958
packet-loss-1pct-async-limited,run-04-router,fault,600,600,0,100.00%,0.00%,6.45,2.84,5.03,209.69,0.76,219.34,0,0.575958
packet-loss-1pct-async-limited,run-04-router,after,180,180,0,100.00%,0.00%,3.14,3.12,5.22,7.74,1.14,8.09,0,0.575958
packet-loss-1pct-async-limited,run-05-router,overall,959,959,0,100.00%,0.00%,4.68,3.25,5.10,7.30,0.94,215.29,0,0.341633
packet-loss-1pct-async-limited,run-05-router,baseline,179,179,0,100.00%,0.00%,3.07,3.13,4.58,5.51,0.97,5.55,0,0.341633
packet-loss-1pct-async-limited,run-05-router,fault,600,600,0,100.00%,0.00%,5.58,3.19,5.32,209.99,0.94,215.29,0,0.341633
packet-loss-1pct-async-limited,run-05-router,after,180,180,0,100.00%,0.00%,3.29,3.55,4.67,5.49,0.96,5.85,0,0.341633
packet-loss-1pct-async-limited,run-06-router,overall,959,959,0,100.00%,0.00%,5.25,3.49,5.17,12.40,0.78,215.98,0,0.209747
packet-loss-1pct-async-limited,run-06-router,baseline,179,179,0,100.00%,0.00%,3.54,3.79,5.09,8.41,1.22,9.72,0,0.209747
packet-loss-1pct-async-limited,run-06-router,fault,600,600,0,100.00%,0.00%,6.42,3.48,5.42,211.04,0.78,215.98,0,0.209747
packet-loss-1pct-async-limited,run-06-router,after,180,180,0,100.00%,0.00%,3.04,3.29,4.83,5.71,0.88,6.06,0,0.209747
packet-loss-1pct-async-limited,run-07-router,overall,959,959,0,100.00%,0.00%,4.80,3.29,4.86,8.07,0.86,418.53,0,0.123556
packet-loss-1pct-async-limited,run-07-router,baseline,180,180,0,100.00%,0.00%,3.32,3.49,5.07,6.26,0.86,8.07,0,0.123556
packet-loss-1pct-async-limited,run-07-router,fault,599,599,0,100.00%,0.00%,5.77,3.18,4.93,207.96,0.92,418.53,0,0.123556
packet-loss-1pct-async-limited,run-07-router,after,180,180,0,100.00%,0.00%,3.04,3.27,4.63,5.91,0.95,7.04,0,0.123556
packet-loss-1pct-async-limited,run-08-router,overall,155,155,0,100.00%,0.00%,2.96,2.99,4.54,5.75,0.82,6.19,0,NA
packet-loss-1pct-async-limited,run-08-router,baseline,155,155,0,100.00%,0.00%,2.96,2.99,4.54,5.75,0.82,6.19,0,NA
packet-loss-1pct-async-limited,run-08-router,fault,0,0,0,NA,NA,,,,,,,,NA
packet-loss-1pct-async-limited,run-08-router,after,0,0,0,NA,NA,,,,,,,,NA
packet-loss-1pct-async-limited,run-09-router,overall,561,561,0,100.00%,0.00%,3.80,3.02,4.97,6.73,0.84,211.35,0,NA
packet-loss-1pct-async-limited,run-09-router,baseline,180,180,0,100.00%,0.00%,3.10,3.20,4.91,5.70,1.27,7.09,0,NA
packet-loss-1pct-async-limited,run-09-router,fault,381,381,0,100.00%,0.00%,4.13,2.92,5.01,7.43,0.84,211.35,0,NA
packet-loss-1pct-async-limited,run-09-router,after,0,0,0,NA,NA,,,,,,,,NA
packet-loss-1pct-async-limited,run-10-router,overall,89,89,0,100.00%,0.00%,3.17,3.32,5.25,7.93,1.27,7.93,0,NA
packet-loss-1pct-async-limited,run-10-router,baseline,89,89,0,100.00%,0.00%,3.17,3.32,5.25,7.93,1.27,7.93,0,NA
packet-loss-1pct-async-limited,run-10-router,fault,0,0,0,NA,NA,,,,,,,,NA
packet-loss-1pct-async-limited,run-10-router,after,0,0,0,NA,NA,,,,,,,,NA
packet-loss-10pct-async-limited,run-01-router,overall,682,682,0,100.00%,0.00%,18.46,3.50,209.98,217.14,0.90,422.67,0,NA
packet-loss-10pct-async-limited,run-01-router,baseline,180,180,0,100.00%,0.00%,2.85,2.40,4.91,6.09,1.04,6.16,0,NA
packet-loss-10pct-async-limited,run-01-router,fault,502,502,0,100.00%,0.00%,24.05,3.74,211.91,217.43,0.90,422.67,0,NA
packet-loss-10pct-async-limited,run-01-router,after,0,0,0,NA,NA,,,,,,,,NA
packet-loss-10pct-async-limited,run-02-router,overall,959,959,0,100.00%,0.00%,21.72,3.67,210.96,217.89,0.98,830.05,0,0.894684
packet-loss-10pct-async-limited,run-02-router,baseline,180,180,0,100.00%,0.00%,3.12,3.29,4.80,5.35,1.27,5.50,0,0.894684
packet-loss-10pct-async-limited,run-02-router,fault,599,599,0,100.00%,0.00%,32.83,3.85,213.20,418.87,0.98,830.05,0,0.894684
packet-loss-10pct-async-limited,run-02-router,after,180,180,0,100.00%,0.00%,3.33,3.51,5.05,5.76,1.10,7.42,0,0.894684
packet-loss-10pct-async-limited,run-03-router,overall,959,959,0,100.00%,0.00%,20.31,3.59,209.67,216.29,0.80,1667.65,0,0.758177
packet-loss-10pct-async-limited,run-03-router,baseline,180,180,0,100.00%,0.00%,3.38,3.69,5.19,6.53,1.07,6.65,0,0.758177
packet-loss-10pct-async-limited,run-03-router,fault,599,599,0,100.00%,0.00%,30.59,3.69,212.87,420.71,0.80,1667.65,0,0.758177
packet-loss-10pct-async-limited,run-03-router,after,180,180,0,100.00%,0.00%,3.01,2.96,4.98,7.09,0.98,7.55,0,0.758177
packet-loss-10pct-async-limited,run-04-router,overall,959,959,0,100.00%,0.00%,18.65,3.63,209.89,215.43,0.93,425.10,0,0.780815
packet-loss-10pct-async-limited,run-04-router,baseline,180,180,0,100.00%,0.00%,3.10,3.40,4.97,6.44,1.07,6.46,0,0.780815
packet-loss-10pct-async-limited,run-04-router,fault,599,599,0,100.00%,0.00%,27.58,3.83,211.91,419.10,0.93,425.10,0,0.780815
packet-loss-10pct-async-limited,run-04-router,after,180,180,0,100.00%,0.00%,4.49,3.45,5.47,12.82,1.07,209.54,0,0.780815
packet-loss-10pct-async-limited,run-05-router,overall,959,959,0,100.00%,0.00%,18.29,3.64,210.49,217.99,0.89,425.19,0,0.445058
packet-loss-10pct-async-limited,run-05-router,baseline,179,179,0,100.00%,0.00%,3.09,3.20,4.96,7.40,0.94,7.75,0,0.445058
packet-loss-10pct-async-limited,run-05-router,fault,600,600,0,100.00%,0.00%,27.37,3.88,213.64,416.22,0.89,425.19,0,0.445058
packet-loss-10pct-async-limited,run-05-router,after,180,180,0,100.00%,0.00%,3.14,3.34,4.86,6.14,1.12,6.94,0,0.445058
packet-loss-10pct-async-limited,run-06-router,overall,959,959,0,100.00%,0.00%,18.65,3.67,209.52,216.12,0.95,827.03,0,0.398538
packet-loss-10pct-async-limited,run-06-router,baseline,179,179,0,100.00%,0.00%,3.27,3.51,4.83,6.07,1.02,7.14,0,0.398538
packet-loss-10pct-async-limited,run-06-router,fault,600,600,0,100.00%,0.00%,27.79,3.71,212.61,419.45,0.98,827.03,0,0.398538
packet-loss-10pct-async-limited,run-06-router,after,180,180,0,100.00%,0.00%,3.51,3.73,5.03,6.37,0.95,10.85,0,0.398538
packet-loss-10pct-async-limited,run-07-router,overall,785,785,0,100.00%,0.00%,24.43,3.75,211.37,216.39,0.84,828.22,0,0.364049
packet-loss-10pct-async-limited,run-07-router,baseline,179,179,0,100.00%,0.00%,3.20,3.42,5.17,5.77,1.01,6.77,0,0.364049
packet-loss-10pct-async-limited,run-07-router,fault,600,600,0,100.00%,0.00%,30.97,3.83,212.45,218.17,0.84,828.22,0,0.364049
packet-loss-10pct-async-limited,run-07-router,after,6,6,0,100.00%,0.00%,3.08,3.55,4.70,4.70,1.12,4.70,0,0.364049
packet-loss-10pct-async-limited,run-08-router,overall,4,4,0,100.00%,0.00%,3.90,4.12,5.58,5.58,1.79,5.58,0,NA
packet-loss-10pct-async-limited,run-08-router,baseline,4,4,0,100.00%,0.00%,3.90,4.12,5.58,5.58,1.79,5.58,0,NA
packet-loss-10pct-async-limited,run-08-router,fault,0,0,0,NA,NA,,,,,,,,NA
packet-loss-10pct-async-limited,run-08-router,after,0,0,0,NA,NA,,,,,,,,NA
packet-loss-10pct-async-limited,run-09-router,overall,959,959,0,100.00%,0.00%,19.69,3.58,210.21,215.87,0.75,825.25,0,0.526793
packet-loss-10pct-async-limited,run-09-router,baseline,180,180,0,100.00%,0.00%,3.25,3.24,5.54,7.19,0.88,7.76,0,0.526793
packet-loss-10pct-async-limited,run-09-router,fault,599,599,0,100.00%,0.00%,29.58,3.73,212.18,221.51,0.75,825.25,0,0.526793
packet-loss-10pct-async-limited,run-09-router,after,180,180,0,100.00%,0.00%,3.25,3.34,5.22,8.20,1.03,8.72,0,0.526793
packet-loss-10pct-async-limited,run-10-router,overall,766,766,0,100.00%,0.00%,22.78,3.45,211.07,215.69,0.80,828.54,0,NA
packet-loss-10pct-async-limited,run-10-router,baseline,180,180,0,100.00%,0.00%,3.15,3.23,4.82,7.51,0.96,14.22,0,NA
packet-loss-10pct-async-limited,run-10-router,fault,586,586,0,100.00%,0.00%,28.81,3.50,211.84,217.90,0.80,828.54,0,NA
packet-loss-10pct-async-limited,run-10-router,after,0,0,0,NA,NA,,,,,,,,NA
packet-loss-50pct-async-limited,run-01-router,overall,725,725,0,100.00%,0.00%,417.80,7.48,1643.23,6404.09,0.97,26297.61,0,NA
packet-loss-50pct-async-limited,run-01-router,baseline,180,180,0,100.00%,0.00%,2.83,2.54,4.91,6.52,1.07,6.89,0,NA
packet-loss-50pct-async-limited,run-01-router,fault,545,545,0,100.00%,0.00%,554.85,210.25,3113.95,6422.51,0.97,26297.61,0,NA
packet-loss-50pct-async-limited,run-01-router,after,0,0,0,NA,NA,,,,,,,,NA
packet-loss-50pct-async-limited,run-02-router,overall,60,60,0,100.00%,0.00%,2.96,3.16,4.94,5.93,0.85,5.93,0,NA
packet-loss-50pct-async-limited,run-02-router,baseline,60,60,0,100.00%,0.00%,2.96,3.16,4.94,5.93,0.85,5.93,0,NA
packet-loss-50pct-async-limited,run-02-router,fault,0,0,0,NA,NA,,,,,,,,NA
packet-loss-50pct-async-limited,run-02-router,after,0,0,0,NA,NA,,,,,,,,NA
packet-loss-50pct-async-limited,run-03-router,overall,959,958,1,99.90%,0.10%,744.69,4.70,1486.56,6612.95,0.98,300888.35,1,0.6544
packet-loss-50pct-async-limited,run-03-router,baseline,180,180,0,100.00%,0.00%,2.98,2.73,5.01,6.51,1.01,7.47,0,0.6544
packet-loss-50pct-async-limited,run-03-router,fault,599,598,1,99.83%,0.17%,1190.36,210.68,2724.73,13277.64,1.03,300888.35,1,0.6544
packet-loss-50pct-async-limited,run-03-router,after,180,180,0,100.00%,0.00%,3.33,3.62,5.55,6.36,0.98,6.68,0,0.6544
packet-loss-50pct-async-limited,run-04-router,overall,959,959,0,100.00%,0.00%,440.87,4.77,1499.61,6392.59,0.92,52498.07,0,0.936787
packet-loss-50pct-async-limited,run-04-router,baseline,180,180,0,100.00%,0.00%,3.26,3.42,5.08,7.13,1.05,7.77,0,0.936787
packet-loss-50pct-async-limited,run-04-router,fault,599,599,0,100.00%,0.00%,703.56,209.86,3120.01,6585.38,0.92,52498.07,0,0.936787
packet-loss-50pct-async-limited,run-04-router,after,180,180,0,100.00%,0.00%,4.28,3.06,5.30,7.88,1.19,215.10,0,0.936787
packet-loss-50pct-async-limited,run-05-router,overall,324,324,0,100.00%,0.00%,3305.00,3.96,1433.87,6410.11,0.93,961542.17,0,NA
packet-loss-50pct-async-limited,run-05-router,baseline,180,180,0,100.00%,0.00%,3.09,2.97,5.15,6.11,0.93,6.82,0,NA
packet-loss-50pct-async-limited,run-05-router,fault,144,144,0,100.00%,0.00%,7432.39,209.97,3338.52,26378.40,0.95,961542.17,0,NA
packet-loss-50pct-async-limited,run-05-router,after,0,0,0,NA,NA,,,,,,,,NA
packet-loss-50pct-async-limited,run-06-router,overall,959,956,3,99.69%,0.31%,1340.12,4.71,1649.44,6585.93,0.81,300969.14,3,0.336663
packet-loss-50pct-async-limited,run-06-router,baseline,179,179,0,100.00%,0.00%,3.29,3.43,4.98,6.72,0.98,7.82,0,0.336663
packet-loss-50pct-async-limited,run-06-router,fault,600,597,3,99.50%,0.50%,2140.04,211.11,3130.75,26260.98,0.81,300969.14,3,0.336663
packet-loss-50pct-async-limited,run-06-router,after,180,180,0,100.00%,0.00%,3.10,3.24,5.41,6.33,0.99,8.93,0,0.336663
packet-loss-50pct-async-limited,run-07-router,overall,959,959,0,100.00%,0.00%,486.93,4.47,1649.20,6580.64,0.82,52438.68,0,0.383919
packet-loss-50pct-async-limited,run-07-router,baseline,179,179,0,100.00%,0.00%,3.05,3.16,4.98,5.97,0.82,8.02,0,0.383919
packet-loss-50pct-async-limited,run-07-router,fault,600,600,0,100.00%,0.00%,776.38,209.11,3132.20,13199.72,1.18,52438.68,0,0.383919
packet-loss-50pct-async-limited,run-07-router,after,180,180,0,100.00%,0.00%,3.29,3.48,5.03,6.68,1.07,7.34,0,0.383919
packet-loss-50pct-async-limited,run-08-router,overall,959,957,2,99.79%,0.21%,1119.58,4.87,1666.61,13215.69,0.98,300666.95,2,0.495533
packet-loss-50pct-async-limited,run-08-router,baseline,179,179,0,100.00%,0.00%,3.09,3.06,4.92,7.17,1.13,15.61,0,0.495533
packet-loss-50pct-async-limited,run-08-router,fault,600,598,2,99.67%,0.33%,1787.18,210.67,3268.24,26355.50,1.14,300666.95,2,0.495533
packet-loss-50pct-async-limited,run-08-router,after,180,180,0,100.00%,0.00%,4.54,3.67,5.15,7.36,0.98,209.08,0,0.495533
packet-loss-50pct-async-limited,run-09-router,overall,372,372,0,100.00%,0.00%,5974.83,4.04,1494.44,13178.52,0.91,1066658.98,0,NA
packet-loss-50pct-async-limited,run-09-router,baseline,179,179,0,100.00%,0.00%,3.19,3.43,4.86,6.54,0.95,8.94,0,NA
packet-loss-50pct-async-limited,run-09-router,fault,193,193,0,100.00%,0.00%,11513.30,211.25,6403.72,1015570.22,0.91,1066658.98,0,NA
packet-loss-50pct-async-limited,run-09-router,after,0,0,0,NA,NA,,,,,,,,NA
packet-loss-50pct-async-limited,run-10-router,overall,309,309,0,100.00%,0.00%,2857.95,3.47,627.30,6424.18,1.06,420499.30,0,NA
packet-loss-50pct-async-limited,run-10-router,baseline,180,180,0,100.00%,0.00%,2.77,2.43,4.76,9.02,1.20,9.32,0,NA
packet-loss-50pct-async-limited,run-10-router,fault,129,129,0,100.00%,0.00%,6841.92,209.01,2673.34,397006.05,1.06,420499.30,0,NA
packet-loss-50pct-async-limited,run-10-router,after,0,0,0,NA,NA,,,,,,,,NA
packet-loss-70pct-router-cleanup,run-01-router,overall,489,472,17,96.52%,3.48%,45879.56,209.90,52428.07,2595716.04,0.91,2596559.92,17,NA
packet-loss-70pct-router-cleanup,run-01-router,baseline,179,179,0,100.00%,0.00%,2.61,2.20,4.45,5.61,0.91,6.78,0,NA
packet-loss-70pct-router-cleanup,run-01-router,fault,310,293,17,94.52%,5.48%,72369.79,623.72,300729.44,2595745.44,1.16,2596559.92,17,NA
packet-loss-70pct-router-cleanup,run-01-router,after,0,0,0,NA,NA,,,,,,,,NA
packet-loss-70pct-router-cleanup,run-02-router,overall,687,671,16,97.67%,2.33%,8969.39,4.50,26507.17,300569.99,1.10,300996.08,16,0.187644
packet-loss-70pct-router-cleanup,run-02-router,baseline,179,179,0,100.00%,0.00%,3.40,3.57,5.07,6.65,1.10,7.11,0,0.187644
packet-loss-70pct-router-cleanup,run-02-router,fault,330,314,16,95.15%,4.85%,18669.22,630.24,55340.50,300633.12,1.24,300996.08,16,0.187644
packet-loss-70pct-router-cleanup,run-02-router,after,178,178,0,100.00%,0.00%,2.92,2.58,5.01,7.42,1.21,10.27,0,0.187644
packet-loss-70pct-router-cleanup,run-03-router,overall,821,806,15,98.17%,1.83%,6971.69,6.94,13316.92,300575.62,1.06,300938.73,15,0.729723
packet-loss-70pct-router-cleanup,run-03-router,baseline,179,179,0,100.00%,0.00%,3.49,3.68,5.22,6.21,1.10,7.29,0,0.729723
packet-loss-70pct-router-cleanup,run-03-router,fault,465,450,15,96.77%,3.23%,12306.69,621.17,26653.57,300724.23,1.17,300938.73,15,0.729723
packet-loss-70pct-router-cleanup,run-03-router,after,177,177,0,100.00%,0.00%,2.93,2.99,4.91,6.02,1.06,6.18,0,0.729723
packet-loss-70pct-router-cleanup,run-04-router,overall,577,559,18,96.88%,3.12%,11472.03,4.21,26893.69,300713.26,1.00,300971.29,18,31.724124
packet-loss-70pct-router-cleanup,run-04-router,baseline,179,179,0,100.00%,0.00%,3.23,3.48,4.89,5.70,1.10,7.10,0,31.724124
packet-loss-70pct-router-cleanup,run-04-router,fault,252,234,18,92.86%,7.14%,26263.25,635.84,300257.79,300802.41,1.84,300971.29,18,31.724124
packet-loss-70pct-router-cleanup,run-04-router,after,146,146,0,100.00%,0.00%,3.05,3.26,4.78,6.12,1.00,9.71,0,31.724124
packet-loss-70pct-router-cleanup,run-05-router,overall,746,729,17,97.72%,2.28%,8493.98,5.17,13330.04,300614.41,0.87,300999.50,17,0.138298
packet-loss-70pct-router-cleanup,run-05-router,baseline,179,179,0,100.00%,0.00%,3.45,3.50,5.29,6.54,0.89,7.21,0,0.138298
packet-loss-70pct-router-cleanup,run-05-router,fault,389,372,17,95.63%,4.37%,16286.19,624.88,52765.22,300798.90,1.02,300999.50,17,0.138298
packet-loss-70pct-router-cleanup,run-05-router,after,178,178,0,100.00%,0.00%,3.17,3.26,4.94,6.61,0.87,8.02,0,0.138298
packet-loss-70pct-router-cleanup,run-06-router,overall,792,780,12,98.48%,1.52%,6415.08,6.01,13277.02,300557.70,0.85,300945.16,12,0.049639
packet-loss-70pct-router-cleanup,run-06-router,baseline,179,179,0,100.00%,0.00%,3.13,3.27,4.98,6.92,0.85,7.88,0,0.049639
packet-loss-70pct-router-cleanup,run-06-router,fault,435,423,12,97.24%,2.76%,11677.42,627.01,33355.96,300718.15,1.26,300945.16,12,0.049639
packet-loss-70pct-router-cleanup,run-06-router,after,178,178,0,100.00%,0.00%,2.86,2.59,4.55,4.77,1.19,5.34,0,0.049639
packet-loss-70pct-router-cleanup,run-07-router,overall,402,395,7,98.26%,1.74%,45787.46,7.82,13747.61,1796908.63,1.07,2353414.99,7,NA
packet-loss-70pct-router-cleanup,run-07-router,baseline,179,179,0,100.00%,0.00%,3.05,2.68,5.06,7.38,1.07,10.41,0,NA
packet-loss-70pct-router-cleanup,run-07-router,fault,223,216,7,96.86%,3.14%,82538.17,626.48,503131.10,1797020.53,1.08,2353414.99,7,NA
packet-loss-70pct-router-cleanup,run-07-router,after,0,0,0,NA,NA,,,,,,,,NA
packet-loss-70pct-router-cleanup,run-08-router,overall,435,428,7,98.39%,1.61%,38333.16,8.61,13530.49,1306552.05,1.10,2241610.08,7,NA
packet-loss-70pct-router-cleanup,run-08-router,baseline,179,179,0,100.00%,0.00%,2.90,2.82,4.59,7.03,1.10,8.61,0,NA
packet-loss-70pct-router-cleanup,run-08-router,fault,256,249,7,97.27%,2.73%,65134.40,622.90,26899.05,2241204.30,1.77,2241610.08,7,NA
packet-loss-70pct-router-cleanup,run-08-router,after,0,0,0,NA,NA,,,,,,,,NA
packet-loss-70pct-router-cleanup,run-09-router,overall,426,416,10,97.65%,2.35%,35187.79,10.52,26640.70,1715513.13,0.90,2556702.76,10,NA
packet-loss-70pct-router-cleanup,run-09-router,baseline,180,180,0,100.00%,0.00%,3.13,3.29,4.89,5.62,0.90,7.93,0,NA
packet-loss-70pct-router-cleanup,run-09-router,fault,246,236,10,95.93%,4.07%,60932.67,624.17,66507.45,1715986.84,1.01,2556702.76,10,NA
packet-loss-70pct-router-cleanup,run-09-router,after,0,0,0,NA,NA,,,,,,,,NA
packet-loss-70pct-router-cleanup,run-10-router,overall,348,341,7,97.99%,2.01%,30730.67,4.54,26643.42,1057177.49,1.07,1057416.73,7,NA
packet-loss-70pct-router-cleanup,run-10-router,baseline,179,179,0,100.00%,0.00%,3.09,3.10,4.95,5.83,1.22,6.21,0,NA
packet-loss-70pct-router-cleanup,run-10-router,fault,169,162,7,95.86%,4.14%,63276.46,651.54,434946.16,1057274.02,1.07,1057416.73,7,NA
packet-loss-70pct-router-cleanup,run-10-router,after,0,0,0,NA,NA,,,,,,,,NA
packet-loss-100pct-safety-cleanup,run-01-router,overall,641,181,460,28.24%,71.76%,2522.92,1057.73,3092.39,69249.56,0.90,300740.48,1,NA
packet-loss-100pct-safety-cleanup,run-01-router,baseline,179,179,0,100.00%,0.00%,2.68,2.31,4.68,6.51,1.07,8.91,0,NA
packet-loss-100pct-safety-cleanup,run-01-router,fault,462,2,460,0.43%,99.57%,3499.38,1468.29,3102.38,70249.88,0.90,300740.48,1,NA
packet-loss-100pct-safety-cleanup,run-01-router,after,0,0,0,NA,NA,,,,,,,,NA
packet-loss-100pct-safety-cleanup,run-02-router,overall,956,420,536,43.93%,56.07%,1819.23,88.53,3086.84,68148.90,0.91,300398.90,1,0.255342
packet-loss-100pct-safety-cleanup,run-02-router,baseline,179,179,0,100.00%,0.00%,3.26,3.36,4.87,8.51,0.91,10.86,0,0.255342
packet-loss-100pct-safety-cleanup,run-02-router,fault,540,4,536,0.74%,99.26%,3218.18,1373.46,3105.79,70151.84,0.91,300398.90,1,0.255342
packet-loss-100pct-safety-cleanup,run-02-router,after,237,237,0,100.00%,0.00%,3.30,3.53,4.90,5.21,0.96,6.14,0,0.255342
packet-loss-100pct-safety-cleanup,run-03-router,overall,958,421,537,43.95%,56.05%,1813.76,89.90,3086.20,68055.92,0.90,300472.19,1,0.123008
packet-loss-100pct-safety-cleanup,run-03-router,baseline,180,180,0,100.00%,0.00%,3.45,3.71,4.96,5.87,1.08,7.08,0,0.123008
packet-loss-100pct-safety-cleanup,run-03-router,fault,540,3,537,0.56%,99.44%,3215.13,1388.66,3103.65,70059.79,0.90,300472.19,1,0.123008
packet-loss-100pct-safety-cleanup,run-03-router,after,238,238,0,100.00%,0.00%,3.30,3.58,5.12,6.19,1.01,7.88,0,0.123008
packet-loss-100pct-safety-cleanup,run-04-router,overall,973,421,552,43.27%,56.73%,1756.00,91.86,3083.95,37939.10,0.88,300556.06,1,0.485453
packet-loss-100pct-safety-cleanup,run-04-router,baseline,180,180,0,100.00%,0.00%,3.23,3.31,5.41,7.62,1.41,8.40,0,0.485453
packet-loss-100pct-safety-cleanup,run-04-router,fault,556,4,552,0.72%,99.28%,3070.53,1493.24,3104.18,69534.80,0.88,300556.06,1,0.485453
packet-loss-100pct-safety-cleanup,run-04-router,after,237,237,0,100.00%,0.00%,3.34,3.47,5.12,5.84,0.97,8.64,0,0.485453
packet-loss-100pct-safety-cleanup,run-05-router,overall,957,422,535,44.10%,55.90%,1804.61,85.27,3085.47,69030.36,0.82,300261.03,1,0.305587
packet-loss-100pct-safety-cleanup,run-05-router,baseline,179,179,0,100.00%,0.00%,3.19,3.26,4.99,9.31,0.86,12.01,0,0.305587
packet-loss-100pct-safety-cleanup,run-05-router,fault,540,5,535,0.93%,99.07%,3195.70,1261.98,3100.37,70099.12,0.82,300261.03,1,0.305587
packet-loss-100pct-safety-cleanup,run-05-router,after,238,238,0,100.00%,0.00%,3.20,3.37,4.97,7.66,1.06,10.36,0,0.305587
packet-loss-100pct-safety-cleanup,run-06-router,overall,682,181,501,26.54%,73.46%,3122.43,1062.27,3090.46,69316.81,1.04,468152.02,1,NA
packet-loss-100pct-safety-cleanup,run-06-router,baseline,179,179,0,100.00%,0.00%,3.39,3.67,5.16,6.62,1.04,9.00,0,NA
packet-loss-100pct-safety-cleanup,run-06-router,fault,503,2,501,0.40%,99.60%,4232.39,1427.43,3100.03,69385.05,1.04,468152.02,1,NA
packet-loss-100pct-safety-cleanup,run-06-router,after,0,0,0,NA,NA,,,,,,,,NA
packet-loss-100pct-safety-cleanup,run-07-router,overall,956,422,534,44.14%,55.86%,1800.60,88.00,3084.62,68459.68,0.88,300067.76,1,0.944261
packet-loss-100pct-safety-cleanup,run-07-router,baseline,180,180,0,100.00%,0.00%,3.39,3.52,5.00,5.95,1.05,6.98,0,0.944261
packet-loss-100pct-safety-cleanup,run-07-router,fault,539,5,534,0.93%,99.07%,3191.16,1294.59,3101.21,70103.02,0.88,300067.76,1,0.944261
packet-loss-100pct-safety-cleanup,run-07-router,after,237,237,0,100.00%,0.00%,3.08,3.34,4.93,7.05,0.92,8.04,0,0.944261
packet-loss-100pct-safety-cleanup,run-08-router,overall,973,421,552,43.27%,56.73%,1758.16,91.62,3087.17,37999.45,0.96,300855.11,1,0.302112
packet-loss-100pct-safety-cleanup,run-08-router,baseline,180,180,0,100.00%,0.00%,3.08,3.27,4.74,7.25,1.01,8.40,0,0.302112
packet-loss-100pct-safety-cleanup,run-08-router,fault,556,4,552,0.72%,99.28%,3074.38,1591.40,3103.25,69591.25,1.02,300855.11,1,0.302112
packet-loss-100pct-safety-cleanup,run-08-router,after,237,237,0,100.00%,0.00%,3.30,3.54,4.79,5.72,0.96,8.11,0,0.302112
packet-loss-100pct-safety-cleanup,run-09-router,overall,427,181,246,42.39%,57.61%,9485.88,127.62,3092.65,70474.82,0.90,925104.57,1,NA
packet-loss-100pct-safety-cleanup,run-09-router,baseline,180,180,0,100.00%,0.00%,3.33,3.57,4.95,6.27,1.19,9.87,0,NA
packet-loss-100pct-safety-cleanup,run-09-router,fault,247,1,246,0.40%,99.60%,16396.25,1571.11,68341.93,923099.29,0.90,925104.57,1,NA
packet-loss-100pct-safety-cleanup,run-09-router,after,0,0,0,NA,NA,,,,,,,,NA
packet-loss-100pct-safety-cleanup,run-10-router,overall,989,420,569,42.47%,57.53%,1508.24,94.88,3086.29,35698.04,0.85,300198.30,1,0.760295
packet-loss-100pct-safety-cleanup,run-10-router,baseline,180,180,0,100.00%,0.00%,2.96,3.13,4.74,5.37,1.06,11.40,0,0.760295
packet-loss-100pct-safety-cleanup,run-10-router,fault,572,3,569,0.52%,99.48%,2605.53,1390.21,3099.90,37702.18,1.01,300198.30,1,0.760295
packet-loss-100pct-safety-cleanup,run-10-router,after,237,237,0,100.00%,0.00%,3.19,3.52,4.82,5.56,0.85,7.17,0,0.760295
link-cut-1s,run-01-router,overall,421,421,0,100.00%,0.00%,3.32,2.56,4.87,7.40,0.83,209.11,0,0.595425
link-cut-1s,run-01-router,baseline,180,180,0,100.00%,0.00%,2.74,2.16,5.33,7.42,0.83,9.39,0,0.595425
link-cut-1s,run-01-router,fault,3,3,0,100.00%,0.00%,71.28,3.71,209.11,209.11,1.03,209.11,0,0.595425
link-cut-1s,run-01-router,after,238,238,0,100.00%,0.00%,2.90,3.05,4.33,5.10,1.02,9.19,0,0.595425
link-cut-1s,run-02-router,overall,296,296,0,100.00%,0.00%,3.60,3.00,4.29,5.64,0.85,204.94,0,0.506742
link-cut-1s,run-02-router,baseline,180,180,0,100.00%,0.00%,2.87,2.95,3.88,5.21,1.33,5.24,0,0.506742
link-cut-1s,run-02-router,fault,3,3,0,100.00%,0.00%,69.77,3.20,204.94,204.94,1.16,204.94,0,0.506742
link-cut-1s,run-02-router,after,113,113,0,100.00%,0.00%,3.01,3.32,4.67,5.64,0.85,6.11,0,0.506742
link-cut-1s,run-03-router,overall,421,421,0,100.00%,0.00%,3.46,2.98,4.13,6.12,0.97,209.93,0,0.018425
link-cut-1s,run-03-router,baseline,179,179,0,100.00%,0.00%,2.96,2.96,4.35,6.12,1.04,6.59,0,0.018425
link-cut-1s,run-03-router,fault,4,4,0,100.00%,0.00%,54.50,3.52,209.93,209.93,1.01,209.93,0,0.018425
link-cut-1s,run-03-router,after,238,238,0,100.00%,0.00%,2.98,2.98,3.81,4.93,0.97,17.05,0,0.018425
link-cut-1s,run-04-router,overall,107,107,0,100.00%,0.00%,3.07,3.18,4.97,6.65,0.96,7.22,0,NA
link-cut-1s,run-04-router,baseline,107,107,0,100.00%,0.00%,3.07,3.18,4.97,6.65,0.96,7.22,0,NA
link-cut-1s,run-04-router,fault,0,0,0,NA,NA,,,,,,,,NA
link-cut-1s,run-04-router,after,0,0,0,NA,NA,,,,,,,,NA
link-cut-1s,run-05-router,overall,421,421,0,100.00%,0.00%,3.63,3.35,4.90,6.00,0.84,212.21,0,0.467112
link-cut-1s,run-05-router,baseline,180,180,0,100.00%,0.00%,2.92,3.11,4.65,5.38,0.84,5.81,0,0.467112
link-cut-1s,run-05-router,fault,3,3,0,100.00%,0.00%,71.63,1.72,212.21,212.21,0.95,212.21,0,0.467112
link-cut-1s,run-05-router,after,238,238,0,100.00%,0.00%,3.31,3.51,5.15,6.03,0.98,9.74,0,0.467112
link-cut-1s,run-06-router,overall,26,26,0,100.00%,0.00%,2.79,1.94,4.60,12.07,0.88,12.07,0,NA
link-cut-1s,run-06-router,baseline,26,26,0,100.00%,0.00%,2.79,1.94,4.60,12.07,0.88,12.07,0,NA
link-cut-1s,run-06-router,fault,0,0,0,NA,NA,,,,,,,,NA
link-cut-1s,run-06-router,after,0,0,0,NA,NA,,,,,,,,NA
link-cut-1s,run-07-router,overall,421,421,0,100.00%,0.00%,3.46,2.70,5.01,6.27,0.96,206.20,0,0.024445
link-cut-1s,run-07-router,baseline,179,179,0,100.00%,0.00%,2.92,2.31,4.88,6.19,1.02,8.09,0,0.024445
link-cut-1s,run-07-router,fault,4,4,0,100.00%,0.00%,52.92,2.26,206.20,206.20,0.96,206.20,0,0.024445
link-cut-1s,run-07-router,after,238,238,0,100.00%,0.00%,3.03,2.99,5.17,6.27,1.05,11.43,0,0.024445
link-cut-1s,run-08-router,overall,131,131,0,100.00%,0.00%,2.88,3.09,4.50,5.10,0.81,5.28,0,NA
link-cut-1s,run-08-router,baseline,131,131,0,100.00%,0.00%,2.88,3.09,4.50,5.10,0.81,5.28,0,NA
link-cut-1s,run-08-router,fault,0,0,0,NA,NA,,,,,,,,NA
link-cut-1s,run-08-router,after,0,0,0,NA,NA,,,,,,,,NA
link-cut-1s,run-09-router,overall,360,360,0,100.00%,0.00%,3.61,3.30,4.78,5.87,0.94,206.44,0,0.743823
link-cut-1s,run-09-router,baseline,180,180,0,100.00%,0.00%,2.94,3.07,4.55,5.28,0.94,5.57,0,0.743823
link-cut-1s,run-09-router,fault,4,4,0,100.00%,0.00%,53.27,2.75,206.44,206.44,1.13,206.44,0,0.743823
link-cut-1s,run-09-router,after,176,176,0,100.00%,0.00%,3.18,3.43,4.82,5.96,1.13,6.81,0,0.743823
link-cut-1s,run-10-router,overall,49,49,0,100.00%,0.00%,3.03,2.24,5.27,10.07,1.00,10.07,0,NA
link-cut-1s,run-10-router,baseline,49,49,0,100.00%,0.00%,3.03,2.24,5.27,10.07,1.00,10.07,0,NA
link-cut-1s,run-10-router,fault,0,0,0,NA,NA,,,,,,,,NA
link-cut-1s,run-10-router,after,0,0,0,NA,NA,,,,,,,,NA
link-cut-1min,run-01-router,overall,374,374,0,100.00%,0.00%,1811.72,2.73,5.26,68076.24,0.96,68142.41,0,3.142
link-cut-1min,run-01-router,baseline,179,179,0,100.00%,0.00%,2.83,2.55,4.83,6.92,1.07,10.21,0,3.142
link-cut-1min,run-01-router,fault,12,12,0,100.00%,0.00%,56376.52,68021.50,68142.41,68142.41,1.05,68142.41,0,3.142
link-cut-1min,run-01-router,after,183,183,0,100.00%,0.00%,3.04,2.92,4.79,7.38,0.96,8.39,0,3.142
link-cut-1min,run-02-router,overall,296,296,0,100.00%,0.00%,33403.25,3.38,5.81,989128.14,0.92,989165.33,0,3.084916
link-cut-1min,run-02-router,baseline,179,179,0,100.00%,0.00%,3.12,3.37,4.75,5.45,0.98,5.82,0,3.084916
link-cut-1min,run-02-router,fault,12,12,0,100.00%,0.00%,823871.66,989048.56,989165.33,989165.33,0.92,989165.33,0,3.084916
link-cut-1min,run-02-router,after,105,105,0,100.00%,0.00%,3.26,3.28,5.67,8.81,1.08,11.78,0,3.084916
link-cut-1min,run-03-router,overall,392,377,15,96.17%,3.83%,1563.00,3.54,1070.02,67980.32,0.97,68050.32,0,0.270101
link-cut-1min,run-03-router,baseline,180,180,0,100.00%,0.00%,3.30,3.57,5.18,5.92,1.06,8.12,0,0.270101
link-cut-1min,run-03-router,fault,26,11,15,42.31%,57.69%,23519.46,3071.45,68026.37,68050.32,0.97,68050.32,0,0.270101
link-cut-1min,run-03-router,after,186,186,0,100.00%,0.00%,3.20,3.37,5.08,6.60,1.07,7.12,0,0.270101
link-cut-1min,run-04-router,overall,374,374,0,100.00%,0.00%,1813.43,3.21,5.38,68314.08,0.91,68380.12,0,2.631616
link-cut-1min,run-04-router,baseline,180,180,0,100.00%,0.00%,3.12,3.47,5.01,5.68,0.91,6.03,0,2.631616
link-cut-1min,run-04-router,fault,11,11,0,100.00%,0.00%,61558.47,67961.91,68380.12,68380.12,0.92,68380.12,0,2.631616
link-cut-1min,run-04-router,after,183,183,0,100.00%,0.00%,2.82,2.56,4.41,8.24,0.95,13.15,0,2.631616
link-cut-1min,run-05-router,overall,374,374,0,100.00%,0.00%,1817.88,3.33,5.23,68325.84,0.75,68393.51,0,2.721516
link-cut-1min,run-05-router,baseline,180,180,0,100.00%,0.00%,2.95,3.24,4.53,5.59,1.06,5.85,0,2.721516
link-cut-1min,run-05-router,fault,11,11,0,100.00%,0.00%,61707.12,68276.65,68393.51,68393.51,0.75,68393.51,0,2.721516
link-cut-1min,run-05-router,after,183,183,0,100.00%,0.00%,3.17,3.37,5.04,6.35,1.01,6.68,0,2.721516
link-cut-1min,run-06-router,overall,395,374,21,94.68%,5.32%,1314.76,3.36,1133.29,64003.66,1.08,68031.31,0,0.761099
link-cut-1min,run-06-router,baseline,180,180,0,100.00%,0.00%,3.10,3.29,5.07,7.64,1.08,11.36,0,0.761099
link-cut-1min,run-06-router,fault,30,9,21,30.00%,70.00%,17273.85,2114.64,68009.61,68031.31,1.23,68031.31,0,0.761099
link-cut-1min,run-06-router,after,185,185,0,100.00%,0.00%,3.01,3.18,4.76,5.41,1.12,5.95,0,0.761099
link-cut-1min,run-07-router,overall,374,374,0,100.00%,0.00%,1811.20,3.33,5.51,68011.72,0.94,68386.51,0,3.041441
link-cut-1min,run-07-router,baseline,180,180,0,100.00%,0.00%,3.00,3.13,4.85,5.70,1.19,8.17,0,3.041441
link-cut-1min,run-07-router,fault,11,11,0,100.00%,0.00%,61478.32,67965.21,68386.51,68386.51,1.10,68386.51,0,3.041441
link-cut-1min,run-07-router,after,183,183,0,100.00%,0.00%,3.21,3.47,4.93,6.25,0.94,6.32,0,3.041441
link-cut-1min,run-08-router,overall,374,374,0,100.00%,0.00%,2534.47,3.24,5.88,95106.51,0.91,95168.85,0,3.137495
link-cut-1min,run-08-router,baseline,179,179,0,100.00%,0.00%,3.11,3.37,4.76,5.57,0.91,6.17,0,3.137495
link-cut-1min,run-08-router,fault,12,12,0,100.00%,0.00%,78896.41,95045.84,95168.85,95168.85,0.97,95168.85,0,3.137495
link-cut-1min,run-08-router,after,183,183,0,100.00%,0.00%,3.16,3.01,5.60,8.07,0.95,9.76,0,3.137495
link-cut-1min,run-09-router,overall,374,374,0,100.00%,0.00%,1813.46,3.09,5.56,68144.85,0.88,68207.96,0,1.8642
link-cut-1min,run-09-router,baseline,180,180,0,100.00%,0.00%,3.09,3.24,5.11,7.58,0.88,8.36,0,1.8642
link-cut-1min,run-09-router,fault,10,10,0,100.00%,0.00%,67715.57,68110.06,68207.96,68207.96,64060.93,68207.96,0,1.8642
link-cut-1min,run-09-router,after,184,184,0,100.00%,0.00%,2.83,2.45,4.60,5.77,0.92,6.29,0,1.8642
link-cut-1min,run-10-router,overall,374,374,0,100.00%,0.00%,1810.07,3.22,5.22,67995.67,0.57,68058.52,0,1.804408
link-cut-1min,run-10-router,baseline,180,180,0,100.00%,0.00%,2.96,3.14,4.75,5.62,1.09,6.52,0,1.804408
link-cut-1min,run-10-router,fault,10,10,0,100.00%,0.00%,67586.06,67965.59,68058.52,68058.52,64074.45,68058.52,0,1.804408
link-cut-1min,run-10-router,after,184,184,0,100.00%,0.00%,3.10,3.22,4.81,5.62,0.57,18.11,0,1.804408
link-cut-10min,run-01-router,overall,842,369,473,43.82%,56.18%,2616.74,77.47,3088.98,132797.75,0.80,300337.68,1,0.709401
link-cut-10min,run-01-router,baseline,179,179,0,100.00%,0.00%,2.59,2.14,4.98,5.80,0.80,5.93,0,0.709401
link-cut-10min,run-01-router,fault,478,5,473,1.05%,98.95%,4607.27,1127.16,3102.72,134802.07,0.94,300337.68,1,0.709401
link-cut-10min,run-01-router,after,185,185,0,100.00%,0.00%,3.00,3.15,4.73,6.73,0.80,6.74,0,0.709401
link-cut-10min,run-02-router,overall,905,371,534,40.99%,59.01%,1955.94,472.50,3061.64,68960.29,0.93,300018.19,1,0.828153
link-cut-10min,run-02-router,baseline,180,180,0,100.00%,0.00%,3.18,3.26,5.22,8.97,0.93,11.35,0,0.828153
link-cut-10min,run-02-router,fault,540,6,534,1.11%,98.89%,3275.95,1661.88,3084.24,70097.73,0.98,300018.19,1,0.828153
link-cut-10min,run-02-router,after,185,185,0,100.00%,0.00%,2.92,2.94,4.75,7.32,1.02,7.45,0,0.828153
link-cut-10min,run-03-router,overall,842,368,474,43.71%,56.29%,2626.03,85.28,3085.80,132660.71,1.01,300915.75,1,0.747489
link-cut-10min,run-03-router,baseline,180,180,0,100.00%,0.00%,3.07,3.26,4.77,5.72,1.15,6.31,0,0.747489
link-cut-10min,run-03-router,fault,477,3,474,0.63%,99.37%,4632.95,1266.36,3102.22,134666.68,1.01,300915.75,1,0.747489
link-cut-10min,run-03-router,after,185,185,0,100.00%,0.00%,3.49,3.69,5.11,6.45,1.12,8.69,0,0.747489
link-cut-10min,run-04-router,overall,840,369,471,43.93%,56.07%,2634.15,88.38,3084.74,132687.20,0.81,300750.56,1,0.566719
link-cut-10min,run-04-router,baseline,179,179,0,100.00%,0.00%,3.83,3.91,5.34,7.00,1.27,7.41,0,0.566719
link-cut-10min,run-04-router,fault,476,5,471,1.05%,98.95%,4645.74,1384.74,3100.80,134690.88,0.81,300750.56,1,0.566719
link-cut-10min,run-04-router,after,185,185,0,100.00%,0.00%,3.40,3.58,4.97,7.25,1.01,7.75,0,0.566719
link-cut-10min,run-05-router,overall,938,370,568,39.45%,60.55%,1610.72,409.69,3068.44,36208.52,0.94,300518.89,1,0.652192
link-cut-10min,run-05-router,baseline,179,179,0,100.00%,0.00%,3.16,3.33,4.83,8.37,0.96,11.51,0,0.652192
link-cut-10min,run-05-router,fault,573,5,568,0.87%,99.13%,2634.63,1560.54,3093.84,37275.54,1.90,300518.89,1,0.652192
link-cut-10min,run-05-router,after,186,186,0,100.00%,0.00%,3.48,3.74,4.74,6.46,0.94,6.83,0,0.652192
link-cut-10min,run-06-router,overall,905,368,537,40.66%,59.34%,1899.55,110.20,3084.95,68566.19,0.85,300474.80,1,0.025233
link-cut-10min,run-06-router,baseline,179,179,0,100.00%,0.00%,2.84,2.57,4.97,7.24,0.92,11.06,0,0.025233
link-cut-10min,run-06-router,fault,540,3,537,0.56%,99.44%,3181.53,1301.72,3101.51,69633.03,0.85,300474.80,1,0.025233
link-cut-10min,run-06-router,after,186,186,0,100.00%,0.00%,3.00,3.08,4.68,5.70,0.85,8.46,0,0.025233
link-cut-10min,run-07-router,overall,906,371,535,40.95%,59.05%,1932.54,490.03,2912.33,68101.51,0.81,300355.44,1,0.595268
link-cut-10min,run-07-router,baseline,179,179,0,100.00%,0.00%,3.06,3.36,4.93,5.91,0.92,6.95,0,0.595268
link-cut-10min,run-07-router,fault,541,6,535,1.11%,98.89%,3234.28,1570.52,3019.85,69168.37,0.81,300355.44,1,0.595268
link-cut-10min,run-07-router,after,186,186,0,100.00%,0.00%,3.19,3.42,4.88,5.86,1.01,6.29,0,0.595268
link-cut-10min,run-08-router,overall,841,371,470,44.11%,55.89%,2627.96,80.85,3091.47,132659.58,0.82,300144.93,1,0.14563
link-cut-10min,run-08-router,baseline,180,180,0,100.00%,0.00%,3.08,3.17,5.53,7.28,0.82,7.54,0,0.14563
link-cut-10min,run-08-router,fault,475,5,470,1.05%,98.95%,4650.53,1132.02,3102.74,134663.65,1.19,300144.93,1,0.14563
link-cut-10min,run-08-router,after,186,186,0,100.00%,0.00%,3.02,3.24,4.86,6.90,1.01,9.02,0,0.14563
link-cut-10min,run-09-router,overall,841,367,474,43.64%,56.36%,2645.51,81.96,3094.04,132635.84,0.88,300025.00,1,0.307236
link-cut-10min,run-09-router,baseline,180,180,0,100.00%,0.00%,2.87,2.77,4.90,5.53,0.88,6.53,0,0.307236
link-cut-10min,run-09-router,fault,476,2,474,0.42%,99.58%,4671.80,1162.35,3106.07,134639.15,2.66,300025.00,1,0.307236
link-cut-10min,run-09-router,after,185,185,0,100.00%,0.00%,3.15,3.43,4.75,7.27,0.90,9.72,0,0.307236
link-cut-10min,run-10-router,overall,840,371,469,44.17%,55.83%,5716.28,87.19,3088.06,391604.60,0.82,559809.02,1,0.346066
link-cut-10min,run-10-router,baseline,180,180,0,100.00%,0.00%,3.18,3.49,4.81,6.52,1.02,7.12,0,0.346066
link-cut-10min,run-10-router,fault,475,6,469,1.26%,98.74%,10106.37,1369.60,3101.67,393610.21,1.19,559809.02,1,0.346066
link-cut-10min,run-10-router,after,185,185,0,100.00%,0.00%,3.10,3.44,4.82,5.98,0.82,5.99,0,0.346066
link-cut-30min,run-01-router,overall,2100,368,1732,17.52%,82.48%,1737.73,1087.95,3095.31,3112.39,0.82,300459.14,1,0.672028
link-cut-30min,run-01-router,baseline,180,180,0,100.00%,0.00%,2.91,2.82,4.90,5.91,1.11,6.90,0,0.672028
link-cut-30min,run-01-router,fault,1735,3,1732,0.17%,99.83%,2102.67,1129.05,3099.48,3112.78,0.97,300459.14,1,0.672028
link-cut-30min,run-01-router,after,185,185,0,100.00%,0.00%,3.05,3.36,4.78,5.09,0.82,5.20,0,0.672028
link-cut-30min,run-02-router,overall,2103,371,1732,17.64%,82.36%,1687.13,1089.32,3095.40,3112.88,0.86,300167.47,1,0.62411
link-cut-30min,run-02-router,baseline,179,179,0,100.00%,0.00%,2.91,2.32,4.79,6.34,1.00,7.22,0,0.62411
link-cut-30min,run-02-router,fault,1738,6,1732,0.35%,99.65%,2040.81,1131.78,3098.50,3115.93,0.90,300167.47,1,0.62411
link-cut-30min,run-02-router,after,186,186,0,100.00%,0.00%,3.06,3.34,4.57,6.23,0.86,6.29,0,0.62411
link-cut-30min,run-03-router,overall,2038,366,1672,17.96%,82.04%,1979.33,1088.15,3095.47,3111.85,0.87,300944.32,1,0.147965
link-cut-30min,run-03-router,baseline,179,179,0,100.00%,0.00%,2.98,3.17,4.84,5.27,0.87,5.52,0,0.147965
link-cut-30min,run-03-router,fault,1673,1,1672,0.06%,99.94%,2410.54,1130.79,3098.91,3112.48,1.45,300944.32,1,0.147965
link-cut-30min,run-03-router,after,186,186,0,100.00%,0.00%,2.75,2.49,4.46,6.24,0.93,6.71,0,0.147965
link-cut-30min,run-04-router,overall,2119,367,1752,17.32%,82.68%,1651.47,1092.60,3096.34,3112.51,0.88,300830.95,1,0.405684
link-cut-30min,run-04-router,baseline,180,180,0,100.00%,0.00%,2.93,3.14,4.50,5.57,1.04,11.68,0,0.405684
link-cut-30min,run-04-router,fault,1753,1,1752,0.06%,99.94%,1995.65,1195.07,3098.02,3113.07,0.88,300830.95,1,0.405684
link-cut-30min,run-04-router,after,186,186,0,100.00%,0.00%,3.04,3.21,4.81,5.29,0.91,8.70,0,0.405684
link-cut-30min,run-05-router,overall,2039,368,1671,18.05%,81.95%,1972.17,1087.53,3094.86,3112.05,0.96,300625.49,1,0.710468
link-cut-30min,run-05-router,baseline,180,180,0,100.00%,0.00%,3.00,2.92,4.87,6.28,1.16,7.54,0,0.710468
link-cut-30min,run-05-router,fault,1674,3,1671,0.18%,99.82%,2401.52,1129.25,3099.12,3222.32,1.02,300625.49,1,0.710468
link-cut-30min,run-05-router,after,185,185,0,100.00%,0.00%,3.08,3.25,4.71,5.77,0.96,6.27,0,0.710468
link-cut-30min,run-06-router,overall,2039,367,1672,18.00%,82.00%,1965.74,1087.72,3095.91,3111.66,0.85,300507.21,1,0.864708
link-cut-30min,run-06-router,baseline,180,180,0,100.00%,0.00%,3.09,3.29,4.94,7.28,1.02,7.47,0,0.864708
link-cut-30min,run-06-router,fault,1674,2,1672,0.12%,99.88%,2393.70,1127.43,3099.34,3112.46,0.92,300507.21,1,0.864708
link-cut-30min,run-06-router,after,185,185,0,100.00%,0.00%,2.88,2.99,4.56,7.92,0.85,8.83,0,0.864708
link-cut-30min,run-07-router,overall,2103,371,1732,17.64%,82.36%,1697.58,1090.21,3097.17,3676.88,0.96,300156.09,1,0.29526
link-cut-30min,run-07-router,baseline,179,179,0,100.00%,0.00%,2.90,2.97,4.65,5.82,1.06,6.24,0,0.29526
link-cut-30min,run-07-router,fault,1738,6,1732,0.35%,99.65%,2053.45,1154.80,3101.31,4421.63,0.96,300156.09,1,0.29526
link-cut-30min,run-07-router,after,186,186,0,100.00%,0.00%,3.21,3.36,4.98,7.79,0.98,8.36,0,0.29526
link-cut-30min,run-08-router,overall,2039,370,1669,18.15%,81.85%,1985.87,1088.17,3096.89,3120.72,0.83,300004.60,1,0.384889
link-cut-30min,run-08-router,baseline,179,179,0,100.00%,0.00%,3.08,3.42,4.51,5.58,1.07,6.13,0,0.384889
link-cut-30min,run-08-router,fault,1674,5,1669,0.30%,99.70%,2418.20,1128.58,3100.87,4042.19,0.83,300004.60,1,0.384889
link-cut-30min,run-08-router,after,186,186,0,100.00%,0.00%,3.07,3.17,4.65,7.81,1.07,8.09,0,0.384889
link-cut-30min,run-09-router,overall,2102,368,1734,17.51%,82.49%,1689.17,1089.37,3094.05,3110.21,0.84,300830.68,1,0.341532
link-cut-30min,run-09-router,baseline,180,180,0,100.00%,0.00%,3.30,3.41,5.40,8.00,1.02,9.17,0,0.341532
link-cut-30min,run-09-router,fault,1736,2,1734,0.12%,99.88%,2044.62,1151.05,3097.81,3113.41,0.84,300830.68,1,0.341532
link-cut-30min,run-09-router,after,186,186,0,100.00%,0.00%,3.18,3.46,4.62,6.04,0.96,6.17,0,0.341532
link-cut-30min,run-10-router,overall,2103,371,1732,17.64%,82.36%,1670.87,1089.74,3094.92,3111.58,0.86,300746.90,1,0.154956
link-cut-30min,run-10-router,baseline,180,180,0,100.00%,0.00%,3.05,3.15,4.79,5.19,1.01,5.30,0,0.154956
link-cut-30min,run-10-router,fault,1738,6,1732,0.35%,99.65%,2021.14,1129.57,3097.54,3112.06,0.86,300746.90,1,0.154956
link-cut-30min,run-10-router,after,185,185,0,100.00%,0.00%,2.99,3.23,4.62,5.30,1.09,6.82,0,0.154956
